"variable_name","code","label"
"COLMODE","1","r-EQ: self response by electronic questionnaire"
"COLMODE","2","i-EQ: Interviewer administered EQ by telephone"
"COLMODE","3","i-EQ: Interviewer administered EQ in person"
"COLMODE","6","Valid skip"
"COLMODEY","1","r-EQ: self response by electronic questionnaire"
"COLMODEY","2","i-EQ: Interviewer administered EQ by telephone"
"COLMODEY","6","Valid skip"
"COLMODEP","1","r-EQ: self response by electronic questionnaire"
"COLMODEP","2","i-EQ: Interviewer administered EQ by telephone"
"COLMODEP","6","Valid skip"
"COLMODEP","9","Not stated"
"COL_LANG","1","English"
"COL_LANG","2","French"
"GEO_PRV","10","NEWFOUNDLAND AND LABRADOR"
"GEO_PRV","11","PRINCE EDWARD ISLAND"
"GEO_PRV","12","NOVA SCOTIA"
"GEO_PRV","13","NEW BRUNSWICK"
"GEO_PRV","24","QUEBEC"
"GEO_PRV","35","ONTARIO"
"GEO_PRV","46","MANITOBA"
"GEO_PRV","47","SASKATCHEWAN"
"GEO_PRV","48","ALBERTA"
"GEO_PRV","59","BRITISH COLUMBIA"
"GEODVCMA","0","No CMA assigned"
"GEODVCMA","1","St. John’s"
"GEODVCMA","205","Halifax"
"GEODVCMA","305","Moncton"
"GEODVCMA","310","Saint John"
"GEODVCMA","408","Saguenay"
"GEODVCMA","421","Québec"
"GEODVCMA","433","Sherbrooke"
"GEODVCMA","442","Trois-Rivières"
"GEODVCMA","462","Montréal"
"GEODVCMA","505","Ottawa-Gatineau"
"GEODVCMA","521","Kingston"
"GEODVCMA","522","Belleville"
"GEODVCMA","529","Peterborough"
"GEODVCMA","532","Oshawa"
"GEODVCMA","535","Toronto"
"GEODVCMA","537","Hamilton"
"GEODVCMA","539","St. Catharines - Niagara"
"GEODVCMA","541","Kitchener - Cambridge - Waterloo"
"GEODVCMA","543","Brantford"
"GEODVCMA","550","Guelph"
"GEODVCMA","555","London"
"GEODVCMA","559","Windsor"
"GEODVCMA","568","Barrie"
"GEODVCMA","580","Greater Sudbury / Grand Sudbury"
"GEODVCMA","595","Thunder Bay"
"GEODVCMA","602","Winnipeg"
"GEODVCMA","705","Regina"
"GEODVCMA","725","Saskatoon"
"GEODVCMA","810","Lethbridge"
"GEODVCMA","825","Calgary"
"GEODVCMA","835","Edmonton"
"GEODVCMA","915","Kelowna"
"GEODVCMA","932","Abbotsford - Mission"
"GEODVCMA","933","Vancouver"
"GEODVCMA","935","Victoria"
"GEODVSAT","1","CMA"
"GEODVSAT","2","Tracted CA"
"GEODVSAT","3","Non-tracted CA"
"GEODVSAT","4","Strongly influenced zone"
"GEODVSAT","5","Moderately influenced zone"
"GEODVSAT","6","Weakly influenced zone"
"GEODVSAT","7","Non-influenced zone"
"GEODVHR4","1011","Eastern Regional"
"GEODVHR4","1012","Central Regional"
"GEODVHR4","1013","Western Regional"
"GEODVHR4","1014","Labrador-Grenfell Regional"
"GEODVHR4","1100","Prince Edward Island"
"GEODVHR4","1201","Zone 1 - Western"
"GEODVHR4","1202","Zone 2 - Northern"
"GEODVHR4","1203","Zone 3 - Eastern"
"GEODVHR4","1204","Zone 4 - Central"
"GEODVHR4","1301","Zone 1 (Moncton area)"
"GEODVHR4","1302","Zone 2 (Saint John area)"
"GEODVHR4","1303","Zone 3 (Fredericton area)"
"GEODVHR4","1304","Zone 4 (Edmundston area)"
"GEODVHR4","1305","Zone 5 (Campbellton area)"
"GEODVHR4","1306","Zone 6 (Bathurst area)"
"GEODVHR4","1307","Zone 7 (Miramichi area)"
"GEODVHR4","2401","Bas-Saint-Laurent"
"GEODVHR4","2402","Saguenay - Lac-Saint-Jean"
"GEODVHR4","2403","Capitale-Nationale"
"GEODVHR4","2404","Mauricie et du Centre-du-Québec"
"GEODVHR4","2405","L’Estrie"
"GEODVHR4","2406","Région de Montréal"
"GEODVHR4","2407","L’Outaouais"
"GEODVHR4","2408","L’Abitibi-Témiscamingue"
"GEODVHR4","2409","Côte-Nord"
"GEODVHR4","2410","Nord-du-Québec"
"GEODVHR4","2411","Gaspésie - Îles-de-la-Madeleine"
"GEODVHR4","2412","Chaudière-Appalaches"
"GEODVHR4","2413","Région de Laval"
"GEODVHR4","2414","Région de Lanaudière"
"GEODVHR4","2415","Région des Laurentides"
"GEODVHR4","2416","Montérégie"
"GEODVHR4","3526","The District of Algoma HU"
"GEODVHR4","3527","Brant County HU"
"GEODVHR4","3530","Durham Regional HU"
"GEODVHR4","3533","Grey Bruce HU"
"GEODVHR4","3534","Haldimand-Norfolk HU"
"GEODVHR4","3535","Haliburton, Kawartha, Pine Ridge District HU"
"GEODVHR4","3536","Halton Regional HU"
"GEODVHR4","3537","City of Hamilton HU"
"GEODVHR4","3538","Hastings and Prince Edward Counties HU"
"GEODVHR4","3539","Huron County HU"
"GEODVHR4","3540","Chatham-Kent HU"
"GEODVHR4","3541","Kingston, Frontenac and Lennox and Addington HU"
"GEODVHR4","3542","Lambton HU"
"GEODVHR4","3543","Leeds, Grenville and Lanark District HU"
"GEODVHR4","3544","Middlesex-London HU"
"GEODVHR4","3546","Niagara Regional Area HU"
"GEODVHR4","3547","North Bay Parry Sound District HU"
"GEODVHR4","3549","Northwestern HU"
"GEODVHR4","3551","City of Ottawa HU"
"GEODVHR4","3553","Peel Regional HU"
"GEODVHR4","3554","Perth District HU"
"GEODVHR4","3555","Peterborough County-City HU"
"GEODVHR4","3556","Porcupine HU"
"GEODVHR4","3557","Renfrew County and District HU"
"GEODVHR4","3558","Eastern Ontario HU"
"GEODVHR4","3560","Simcoe Muskoka District HU"
"GEODVHR4","3561","Sudbury and District HU"
"GEODVHR4","3562","Thunder Bay District HU"
"GEODVHR4","3563","Timiskaming HU"
"GEODVHR4","3565","Waterloo HU"
"GEODVHR4","3566","Wellington-Dufferin-Guelph HU"
"GEODVHR4","3568","Windsor-Essex County HU"
"GEODVHR4","3570","York Regional HU"
"GEODVHR4","3575","Oxford Elgin St. Thomas HU"
"GEODVHR4","3595","City of Toronto HU"
"GEODVHR4","4601","Winnipeg RHA"
"GEODVHR4","4602","Prairie Mountain Health"
"GEODVHR4","4603","Interlake-Eastern Regional Health"
"GEODVHR4","4604","Northern RHA"
"GEODVHR4","4605","Southern Health"
"GEODVHR4","4701","Sun Country RHA"
"GEODVHR4","4702","Five Hills RHA"
"GEODVHR4","4703","Cypress RHA"
"GEODVHR4","4704","Regina Qu’Appelle RHA"
"GEODVHR4","4705","Sunrise RHA"
"GEODVHR4","4706","Saskatoon RHA"
"GEODVHR4","4707","Heartland RHA"
"GEODVHR4","4708","Kelsey Trail RHA"
"GEODVHR4","4709","Prince Albert Parkland RHA"
"GEODVHR4","4710","Prairie North RHA"
"GEODVHR4","4714","Mamawetan/Keewatin/Athabasca"
"GEODVHR4","4831","South Zone"
"GEODVHR4","4832","Calgary Zone"
"GEODVHR4","4833","Central Zone"
"GEODVHR4","4834","Edmonton Zone"
"GEODVHR4","4835","North Zone"
"GEODVHR4","5911","East Kootenay HSDA"
"GEODVHR4","5912","Kootenay-Boundary HSDA"
"GEODVHR4","5913","Okanagan HSDA"
"GEODVHR4","5914","Thompson/Cariboo HSDA"
"GEODVHR4","5921","Fraser East HSDA"
"GEODVHR4","5922","Fraser North HSDA"
"GEODVHR4","5923","Fraser South HSDA"
"GEODVHR4","5931","Richmond HSDA"
"GEODVHR4","5932","Vancouver HSDA"
"GEODVHR4","5933","North Shore/Coast Garibaldi HSDA"
"GEODVHR4","5941","South Vancouver Island HSDA"
"GEODVHR4","5942","Central Vancouver Island HSDA"
"GEODVHR4","5943","North Vancouver Island HSDA"
"GEODVHR4","5951","Northwest HSDA"
"GEODVHR4","5952","Northern Interior HSDA"
"GEODVHR4","5953","Northeast HSDA"
"GEODVP16","1","Health Region Peer Group A"
"GEODVP16","2","Health Region Peer Group B"
"GEODVP16","3","Health Region Peer Group C"
"GEODVP16","4","Health Region Peer Group D"
"GEODVP16","5","Health Region Peer Group E"
"GEODVP16","6","Health Region Peer Group F"
"GEODVP16","7","Health Region Peer Group G"
"GEODVP16","8","Health Region Peer Group H"
"GEODVUR","1","Core"
"GEODVUR","2","Fringe"
"GEODVUR","3","Rural area inside of a CMA or CA"
"GEODVUR","4","Population centre outside of a CMA and CA"
"GEODVUR","5","Rural area outside of a CMA or CA"
"GEODVUR","6","Secondary core"
"GEODVUR2","1","Population Centre"
"GEODVUR2","2","Rural Area"
"GEODVPSZ","1","Rural area (less than 1,000)"
"GEODVPSZ","2","Small population centre (1,000 to 29,999)"
"GEODVPSZ","3","Medium population centre (30,000 to 99,999)"
"GEODVPSZ","4","Large urban population centre (100,000 or greater)"
"SAM_CP","202201","February - May"
"SAM_CP","202204","April - June"
"SAM_CP","202207","July - September"
"SAM_CP","202210","October - December"
"ADM_YOI","2022","Year of interview"
"ADM_MOI","2","February"
"ADM_MOI","3","March"
"ADM_MOI","4","April"
"ADM_MOI","5","May"
"ADM_MOI","6","June"
"ADM_MOI","7","July"
"ADM_MOI","8","August"
"ADM_MOI","9","September"
"ADM_MOI","10","October"
"ADM_MOI","11","November"
"ADM_MOI","12","December"
"ADM_DOI","01-31","Day of interview (1 to 31)"
"SAMDVLNK","1","Respondent agreed to link information"
"SAMDVLNK","2","Respondent did not agree to link information"
"SAMDVSHR","1","Yes"
"SAMDVSHR","2","No"
"SAMDVSHR","3","Partial"
"DHHDVHSZ","01-15","Number of persons in a household"
"DHHDVHSZ","99","Not stated"
"DHHDVLVG","1","Unattached individual living alone"
"DHHDVLVG","2","Unattached individual living with others"
"DHHDVLVG","3","Individual living with spouse / partner"
"DHHDVLVG","4","Parent living with spouse / partner and children"
"DHHDVLVG","5","Single parent living with children"
"DHHDVLVG","6","Child living with a single parent"
"DHHDVLVG","7","Child living with a single parent and siblings"
"DHHDVLVG","8","Child living with two parents"
"DHHDVLVG","9","Child living with two parents and siblings"
"DHHDVLVG","10","Other"
"DHHDVLVG","99","Not stated"
"DHHDV611","00-05","Number of persons in household between 6 and 11 years of age"
"DHHDV611","99","Not stated"
"DHHDVOKD","00-04","Number of persons in household 16 or 17 years of age"
"DHHDVOKD","99","Not stated"
"DHHDVL12","00-07","Number of persons in household less than 12 years of age"
"DHHDVL12","99","Not stated"
"DHHDVYKD","00-09","Number of persons in household less than 16 years old"
"DHHDVYKD","99","Not stated"
"DHHDVLE5","00-05","Number of persons in household 5 years old or less"
"DHHDVLE5","99","Not stated"
"DHHDVA65","00-04","Number of persons aged 65 and older in a household"
"DHHDVA65","99","Not stated"
"DHHDVAOS","018-153","Age of respondent’s spouse"
"DHHDVAOS","996","Valid skip"
"DHHDVL18","00-11","Number of persons in household less than 18 years of age"
"DHHDVL18","99","Not stated"
"PROXYSEX","1","Male, non proxy interview"
"PROXYSEX","2","Female, non proxy interview"
"PROXYSEX","3","Male, proxy interview"
"PROXYSEX","4","Female, proxy interview"
"DWL_01A","1","Yes, owned, even if it is still being paid for"
"DWL_01A","2","No, rented, even if no cash rent is paid"
"DWL_01A","9","Not stated"
"ED_05","1","Less than high school diploma or its equivalent"
"ED_05","2","High school diploma or a high school equivalency certificate"
"ED_05","3","Trade certificate or diploma"
"ED_05","4","College/CEGEP/other non-university certificate or diploma"
"ED_05","5","University certificate or diploma below the bachelor’s level"
"ED_05","6","Bachelor’s degree (e.g. B.A., B.Sc., LL.B.)"
"ED_05","7","University certificate, diploma, degree above the BA level"
"ED_05","99","Not stated"
"EDDVR3","1","Less than secondary school graduation"
"EDDVR3","2","Secondary school graduation, no post-secondary education"
"EDDVR3","3","Post-secondary certificate/diploma / university degree"
"EDDVR3","9","Not stated"
"EDDVH3","1","Less than secondary school graduation"
"EDDVH3","2","Secondary school graduation, no post-secondary education"
"EDDVH3","3","Post-secondary certificate/diploma / university degree"
"EDDVH3","9","Not stated"
"AWCAGE","012-121","Age in years"
"DHH_SEX","1","Male"
"DHH_SEX","2","Female"
"GDRA_10","1","Man"
"GDRA_10","2","Woman"
"GDRA_10","3","Non-binary person"
"GDRA_10","9","Not stated"
"GENDER_2","1","Men+"
"GENDER_2","2","Women+"
"DOMAC","1","Yes"
"MAC_05","1","Yes"
"MAC_05","2","No"
"MAC_05","6","Valid skip"
"MAC_05","9","Not stated"
"MA_02","1","Looking for paid work"
"MA_02","2","Going to school"
"MA_02","3","Caring for your children"
"MA_02","4","Household work"
"MA_02","5","Retired"
"MA_02","6","Maternity, paternity or parental leave"
"MA_02","7","Long term illness"
"MA_02","8","Volunteering or care-giving other than for your children"
"MA_02","9","Other"
"MA_02","96","Valid skip"
"MA_02","99","Not stated"
"MA_03","1","Yes"
"MA_03","2","No"
"MA_03","6","Valid skip"
"MA_03","9","Not stated"
"DOEDC","1","Yes"
"EDC_10","1","Yes"
"EDC_10","2","No"
"EDC_10","9","Not stated"
"EDC_20","1","Full-time student"
"EDC_20","2","Part-time student"
"EDC_20","6","Valid skip"
"EDC_20","9","Not stated"
"DOGEN","1","Yes"
"GEN_01","1","Excellent"
"GEN_01","2","Very good"
"GEN_01","3","Good"
"GEN_01","4","Fair"
"GEN_01","5","Poor"
"GEN_01","9","Not stated"
"GEN_05","1","Excellent"
"GEN_05","2","Very good"
"GEN_05","3","Good"
"GEN_05","4","Fair"
"GEN_05","5","Poor"
"GEN_05","9","Not stated"
"GEN_10","1","Not at all stressful"
"GEN_10","2","Not very stressful"
"GEN_10","3","A bit stressful"
"GEN_10","4","Quite a bit stressful"
"GEN_10","5","Extremely stressful"
"GEN_10","9","Not stated"
"GEN_15","1","Not at all stressful"
"GEN_15","2","Not very stressful"
"GEN_15","3","A bit stressful"
"GEN_15","4","Quite a bit stressful"
"GEN_15","5","Extremely stressful"
"GEN_15","6","Valid skip"
"GEN_15","9","Not stated"
"GEN_20","1","Very strong"
"GEN_20","2","Somewhat strong"
"GEN_20","3","Somewhat weak"
"GEN_20","4","Very weak"
"GEN_20","9","Not stated"
"DOLSM","1","Yes"
"LSM_01","0","Very dissatisfied"
"LSM_01","1",""
"LSM_01","2",""
"LSM_01","3",""
"LSM_01","4",""
"LSM_01","5",""
"LSM_01","6",""
"LSM_01","7",""
"LSM_01","8",""
"LSM_01","9",""
"LSM_01","10","Very satisfied"
"LSM_01","99","Not stated"
"LSMDVSWL","1","Very satisfied"
"LSMDVSWL","2","Satisfied"
"LSMDVSWL","3","Neither satisfied nor dissatisfied"
"LSMDVSWL","4","Dissatisfied"
"LSMDVSWL","5","Very dissatisfied"
"LSMDVSWL","9","Not stated"
"DOPRS","1","Yes"
"PRS_05","1","Yes"
"PRS_05","2","No"
"PRS_05","6","Valid skip"
"PRS_05","9","Not stated"
"DOHWT","1","Yes"
"HWT_05A","00-07","Feet"
"HWT_05A","96","Valid skip"
"HWT_05A","99","Not stated"
"HWT_05B","00-72","Inches"
"HWT_05B","96","Valid skip"
"HWT_05B","99","Not stated"
"HWT_05C","094-235","Centimetres"
"HWT_05C","996","Valid skip"
"HWT_05C","999","Not stated"
"HWT_40A","028-557","Weight"
"HWT_40A","996","Valid skip"
"HWT_40A","999","Not stated"
"HWT_40B","1","Pounds"
"HWT_40B","2","Kilograms"
"HWT_40B","6","Valid skip"
"HWT_40B","9","Not stated"
"HWTDVHTM","9.996","Valid skip"
"HWTDVHTM","9.999","Not stated"
"HWTDVWTK","999.96","Valid skip"
"HWTDVWTK","999.99","Not stated"
"HWTDVBMI","999.96","Valid skip"
"HWTDVBMI","999.99","Not stated"
"HWTDVCOL","1","Thinness"
"HWTDVCOL","2","Normal"
"HWTDVCOL","3","Overweight"
"HWTDVCOL","4","Obese"
"HWTDVCOL","6","Valid skip"
"HWTDVCOL","9","Not stated"
"HWTDVISW","1","Underweight"
"HWTDVISW","2","Normal weight"
"HWTDVISW","3","Overweight"
"HWTDVISW","4","Obese - Class I"
"HWTDVISW","5","Obese - Class II"
"HWTDVISW","6","Obese - Class III"
"HWTDVISW","96","Valid skip"
"HWTDVISW","99","Not stated"
"HWTDVWHO","1","Thinness"
"HWTDVWHO","2","Normal"
"HWTDVWHO","3","Overweight"
"HWTDVWHO","4","Obese"
"HWTDVWHO","6","Valid skip"
"HWTDVWHO","9","Not stated"
"HWTDVCOR","999.96","Valid skip"
"HWTDVCOR","999.99","Not stated"
"HWTDVBCC","1","Underweight"
"HWTDVBCC","2","Normal weight"
"HWTDVBCC","3","Overweight"
"HWTDVBCC","4","Obese - Class I"
"HWTDVBCC","5","Obese - Class II"
"HWTDVBCC","6","Obese - Class III"
"HWTDVBCC","96","Valid skip"
"HWTDVBCC","99","Not stated"
"DOWTP","1","Yes"
"WTP_50","1","Overweight"
"WTP_50","2","Underweight"
"WTP_50","3","Just about right"
"WTP_50","9","Not stated"
"DOCOV2","1","Yes"
"COV2_005","1","Much better now"
"COV2_005","2","Somewhat better now"
"COV2_005","3","About the same"
"COV2_005","4","Somewhat worse now"
"COV2_005","5","Much worse now"
"COV2_005","9","Not stated"
"COV2_10A","1","Yes"
"COV2_10A","2","No"
"COV2_10A","9","Not stated"
"COV2_10B","1","Yes"
"COV2_10B","2","No"
"COV2_10B","9","Not stated"
"COV2_10C","1","Yes"
"COV2_10C","2","No"
"COV2_10C","9","Not stated"
"COV2_10D","1","Yes"
"COV2_10D","2","No"
"COV2_10D","9","Not stated"
"COV2_10E","1","Yes"
"COV2_10E","2","No"
"COV2_10E","9","Not stated"
"COV2_10F","1","Yes"
"COV2_10F","2","No"
"COV2_10F","9","Not stated"
"COV2_10G","1","Yes"
"COV2_10G","2","No"
"COV2_10G","9","Not stated"
"COV2_10H","1","Yes"
"COV2_10H","2","No"
"COV2_10H","9","Not stated"
"COV2_10I","1","Yes"
"COV2_10I","2","No"
"COV2_10I","9","Not stated"
"COV2_10J","1","Yes"
"COV2_10J","2","No"
"COV2_10J","9","Not stated"
"COV2_015","1","Yes"
"COV2_015","2","No"
"COV2_015","9","Not stated"
"COV2_020","1","Yes"
"COV2_020","2","No"
"COV2_020","6","Valid skip"
"COV2_020","9","Not stated"
"COV2_038","1","Yes, received at least one dose of a vaccine"
"COV2_038","2","No"
"COV2_038","9","Not stated"
"COV2_030","1","One dose"
"COV2_030","2","Two doses"
"COV2_030","6","Valid skip"
"COV2_030","9","Not stated"
"COV2_035","1","One dose"
"COV2_035","2","Two doses"
"COV2_035","3","Three doses"
"COV2_035","4","Four doses or more"
"COV2_035","6","Valid skip"
"COV2_035","9","Not stated"
"COV2_041","1","Don’t want to be vaccinated at this time"
"COV2_041","2","Don’t want to be vaccinated at all"
"COV2_041","3","Don’t have confidence in the vaccine that was offered"
"COV2_041","4","Appointment in the future"
"COV2_041","5","Not been able to get an appointment yet"
"COV2_041","6","Don’t know where to go to get vaccinated"
"COV2_041","7","Sick at the time the vaccine was offered"
"COV2_041","8","Vaccine is not recommended for me"
"COV2_041","9","Already had COVID-19"
"COV2_041","10","Haven’t had the time"
"COV2_041","11","Don’t think it’snecessary, risks of having COVID-19 are low"
"COV2_041","12","Other reason"
"COV2_041","96","Valid skip"
"COV2_041","99","Not stated"
"COV2_45A","1","Yes"
"COV2_45A","2","No"
"COV2_45A","6","Valid skip"
"COV2_45A","9","Not stated"
"COV2_45B","1","Yes"
"COV2_45B","2","No"
"COV2_45B","6","Valid skip"
"COV2_45B","9","Not stated"
"COV2_45C","1","Yes"
"COV2_45C","2","No"
"COV2_45C","6","Valid skip"
"COV2_45C","9","Not stated"
"COV2_45D","1","Yes"
"COV2_45D","2","No"
"COV2_45D","6","Valid skip"
"COV2_45D","9","Not stated"
"COV2_45E","1","Yes"
"COV2_45E","2","No"
"COV2_45E","6","Valid skip"
"COV2_45E","9","Not stated"
"COV2_45F","1","Yes"
"COV2_45F","2","No"
"COV2_45F","6","Valid skip"
"COV2_45F","9","Not stated"
"COV2_45G","1","Yes"
"COV2_45G","2","No"
"COV2_45G","6","Valid skip"
"COV2_45G","9","Not stated"
"COV2_45H","1","Yes"
"COV2_45H","2","No"
"COV2_45H","6","Valid skip"
"COV2_45H","9","Not stated"
"COV2_45I","1","Yes"
"COV2_45I","2","No"
"COV2_45I","6","Valid skip"
"COV2_45I","9","Not stated"
"COV2_040","1","Very likely"
"COV2_040","2","Somewhat likely"
"COV2_040","3","Somewhat unlikely"
"COV2_040","4","Very unlikely"
"COV2_040","6","Valid skip"
"COV2_040","9","Not stated"
"COV2_55A","1","One dose is enough to protect against COVID-19"
"COV2_55A","2","Was not aware that needed a 2nd dose"
"COV2_55A","3","Bad reaction to the first dose"
"COV2_55A","4","Concerns about side effects associated with the 2nd dose"
"COV2_55A","5","Vaccine wanted for 2nd dose is not available"
"COV2_55A","6","Appointment in the future"
"COV2_55A","7","Too much trouble getting a 2nd appointment"
"COV2_55A","8","Already had COVID-19"
"COV2_55A","9","Don’t think it’s necessary, risks of having COVID-19 are low"
"COV2_55A","10","Other reason"
"COV2_55A","96","Valid skip"
"COV2_55A","99","Not stated"
"COV2_060","1","Very likely"
"COV2_060","2","Somewhat likely"
"COV2_060","3","Somewhat unlikely"
"COV2_060","4","Very unlikely"
"COV2_060","6","Valid skip"
"COV2_060","9","Not stated"
"DOCOV3","1","Yes"
"COV3_005","1","Very likely"
"COV3_005","2","Somewhat likely"
"COV3_005","3","Somewhat unlikely"
"COV3_005","4","Very unlikely"
"COV3_005","6","Valid skip"
"COV3_005","9","Not stated"
"DOCCC","1","Yes"
"CCC_05","1","Yes"
"CCC_05","2","No"
"CCC_05","9","Not stated"
"CCC_10","000-095","Age in years"
"CCC_10","996","Valid skip"
"CCC_10","999","Not stated"
"CCC_15","1","Yes"
"CCC_15","2","No"
"CCC_15","6","Valid skip"
"CCC_15","9","Not stated"
"CCC_20","1","Yes"
"CCC_20","2","No"
"CCC_20","6","Valid skip"
"CCC_20","9","Not stated"
"CCC_30","1","Less than 1 month"
"CCC_30","2","1 month to less than 2 months"
"CCC_30","3","2 months to less than 6 months"
"CCC_30","4","6 months to less than 1 year"
"CCC_30","5","1 year or more"
"CCC_30","6","Never"
"CCC_30","96","Valid skip"
"CCC_30","99","Not stated"
"CCC_35","1","Yes"
"CCC_35","2","No"
"CCC_35","6","Valid skip"
"CCC_35","9","Not stated"
"CCC_40","1","Yes"
"CCC_40","2","No"
"CCC_40","6","Valid skip"
"CCC_40","9","Not stated"
"CCC_45","1","Yes"
"CCC_45","2","No"
"CCC_45","9","Not stated"
"CCC_50","000-100","Age in years"
"CCC_50","996","Valid skip"
"CCC_50","999","Not stated"
"CCC_55","1","Yes"
"CCC_55","2","No"
"CCC_55","6","Valid skip"
"CCC_55","9","Not stated"
"CCC_60A","1","Yes"
"CCC_60A","2","No"
"CCC_60A","6","Valid skip"
"CCC_60A","9","Not stated"
"CCC_65A","1","Yes"
"CCC_65A","2","No"
"CCC_65A","6","Valid skip"
"CCC_65A","9","Not stated"
"CCC_60B","1","Yes"
"CCC_60B","2","No"
"CCC_60B","6","Valid skip"
"CCC_60B","9","Not stated"
"CCC_60C","1","Yes"
"CCC_60C","2","No"
"CCC_60C","6","Valid skip"
"CCC_60C","9","Not stated"
"CCC_60D","1","Yes"
"CCC_60D","2","No"
"CCC_60D","6","Valid skip"
"CCC_60D","9","Not stated"
"CCC_60E","1","Yes"
"CCC_60E","2","No"
"CCC_60E","6","Valid skip"
"CCC_60E","9","Not stated"
"CCC_60F","1","Yes"
"CCC_60F","2","No"
"CCC_60F","6","Valid skip"
"CCC_60F","9","Not stated"
"CCC_60G","1","Yes"
"CCC_60G","2","No"
"CCC_60G","6","Valid skip"
"CCC_60G","9","Not stated"
"CCC_60H","1","Yes"
"CCC_60H","2","No"
"CCC_60H","6","Valid skip"
"CCC_60H","9","Not stated"
"CCC_60I","1","Yes"
"CCC_60I","2","No"
"CCC_60I","6","Valid skip"
"CCC_60I","9","Not stated"
"CCC_65","1","Yes"
"CCC_65","2","No"
"CCC_65","9","Not stated"
"CCC_70","000-096","Age in years"
"CCC_70","996","Valid skip"
"CCC_70","999","Not stated"
"CCC_75","1","Yes"
"CCC_75","2","No"
"CCC_75","9","Not stated"
"CCC_80","1","Yes"
"CCC_80","2","No"
"CCC_80","9","Not stated"
"CCC_85","1","Yes"
"CCC_85","2","No"
"CCC_85","9","Not stated"
"CCC_90","1","Yes"
"CCC_90","2","No"
"CCC_90","9","Not stated"
"CCC_95","1","Yes"
"CCC_95","2","No"
"CCC_95","6","Valid skip"
"CCC_95","9","Not stated"
"CCC_100","1","Yes"
"CCC_100","2","No"
"CCC_100","6","Valid skip"
"CCC_100","9","Not stated"
"CCC_105","1","Yes"
"CCC_105","2","No"
"CCC_105","9","Not stated"
"CCC_110","000-085","Age in years"
"CCC_110","996","Valid skip"
"CCC_110","999","Not stated"
"CCC_115","001-087","Age in years"
"CCC_115","996","Valid skip"
"CCC_115","999","Not stated"
"CCC_120","1","Yes"
"CCC_120","2","No"
"CCC_120","9","Not stated"
"CCC_125","1","Yes"
"CCC_125","2","No"
"CCC_125","9","Not stated"
"CCC_130","1","Yes"
"CCC_130","2","No"
"CCC_130","6","Valid skip"
"CCC_130","9","Not stated"
"CCC_135","1","Yes"
"CCC_135","2","No"
"CCC_135","9","Not stated"
"CCCDVDIA","1","Type 1 diabetes"
"CCCDVDIA","2","Type 2 diabetes"
"CCCDVDIA","3","Gestational diabetes"
"CCCDVDIA","6","Valid skip"
"CCCDVDIA","9","Not stated"
"DOCC1","1","Yes"
"CC1_140","1","Yes"
"CC1_140","2","No"
"CC1_140","9","Not stated"
"CC1_145","1","Yes"
"CC1_145","2","No"
"CC1_145","9","Not stated"
"CC1_150","1","Yes"
"CC1_150","2","No"
"CC1_150","6","Valid skip"
"CC1_150","9","Not stated"
"CC1_155","1","Yes"
"CC1_155","2","No"
"CC1_155","9","Not stated"
"CC1_160","000-091","Age in years"
"CC1_160","996","Valid skip"
"CC1_160","999","Not stated"
"CC1_165","000-092","Age in years"
"CC1_165","996","Valid skip"
"CC1_165","999","Not stated"
"CC1_170","1","Yes"
"CC1_170","2","No"
"CC1_170","9","Not stated"
"CC1_175","000-090","Age in years"
"CC1_175","996","Valid skip"
"CC1_175","999","Not stated"
"CC1_180","000-090","Age in years"
"CC1_180","996","Valid skip"
"CC1_180","999","Not stated"
"DOWDM","1","Yes"
"WDM_05","1","No difficulty"
"WDM_05","2","Some difficulty"
"WDM_05","3","A lot of difficulty"
"WDM_05","4","Cannot do at all or unable to do"
"WDM_05","9","Not stated"
"WDM_10","1","No difficulty"
"WDM_10","2","Some difficulty"
"WDM_10","3","A lot of difficulty"
"WDM_10","4","Cannot do at all or unable to do"
"WDM_10","9","Not stated"
"WDM_15","1","No difficulty"
"WDM_15","2","Some difficulty"
"WDM_15","3","A lot of difficulty"
"WDM_15","4","Cannot do at all or unable to do"
"WDM_15","9","Not stated"
"WDM_20","1","No difficulty"
"WDM_20","2","Some difficulty"
"WDM_20","3","A lot of difficulty"
"WDM_20","4","Cannot do at all or unable to do"
"WDM_20","9","Not stated"
"WDM_25","1","No difficulty"
"WDM_25","2","Some difficulty"
"WDM_25","3","A lot of difficulty"
"WDM_25","4","Cannot do at all or unable to do"
"WDM_25","9","Not stated"
"WDM_30","1","No difficulty"
"WDM_30","2","Some difficulty"
"WDM_30","3","A lot of difficulty"
"WDM_30","4","Cannot do at all or unable to do"
"WDM_30","9","Not stated"
"DOINJ","1","Yes"
"INJ_05A","1","Yes"
"INJ_05A","2","No"
"INJ_05A","9","Not stated"
"INJ_05AA","01-30","Number of times"
"INJ_05AA","96","Valid skip"
"INJ_05AA","99","Not stated"
"INJ_05B","1","Yes"
"INJ_05B","2","No"
"INJ_05B","9","Not stated"
"INJ_05BA","01-12","Number of times"
"INJ_05BA","96","Valid skip"
"INJ_05BA","99","Not stated"
"INJ_05C","1","Yes"
"INJ_05C","2","No"
"INJ_05C","9","Not stated"
"INJ_05CA","01-30","Number of times"
"INJ_05CA","96","Valid skip"
"INJ_05CA","99","Not stated"
"INJ_10","1","Riding a bike"
"INJ_10","2","Sports or physical activity"
"INJ_10","3","Household chores, outdoor yard maintenance or unpaid work"
"INJ_10","4","Riding or driving a motor vehicle"
"INJ_10","5","Working at a paid job or business"
"INJ_10","6","Other"
"INJ_10","96","Valid skip"
"INJ_10","99","Not stated"
"INJ_15","1","Yes"
"INJ_15","2","No"
"INJ_15","6","Valid skip"
"INJ_15","9","Not stated"
"INJ_15A","1","While doing physical activity"
"INJ_15A","2","Going up or down stairs"
"INJ_15A","3","Slipped or stumbled while walking"
"INJ_15A","4","Getting into or out of furniture"
"INJ_15A","5","From an elevated position"
"INJ_15A","6","Due to health problems"
"INJ_15A","7","Other"
"INJ_15A","96","Valid skip"
"INJ_15A","99","Not stated"
"INJ_20","1","Yes"
"INJ_20","2","No"
"INJ_20","6","Valid skip"
"INJ_20","9","Not stated"
"INJ_20A","1","Doctor’s office or clinic"
"INJ_20A","2","Hospital emergency room"
"INJ_20A","3","Chiropractor or physiotherapist’s office"
"INJ_20A","4","Other"
"INJ_20A","6","Valid skip"
"INJ_20A","9","Not stated"
"INJ_25","1","Yes"
"INJ_25","2","No"
"INJ_25","6","Valid skip"
"INJ_25","9","Not stated"
"INJ_30","1","Riding a bike"
"INJ_30","2","Sports or physical activity"
"INJ_30","3","Household chores, outdoor yard maintenance or unpaid work"
"INJ_30","4","Riding or driving a motor vehicle"
"INJ_30","5","Working at a paid job or business"
"INJ_30","6","Other"
"INJ_30","96","Valid skip"
"INJ_30","99","Not stated"
"INJ_35","1","Multiple body parts"
"INJ_35","2","Head or neck"
"INJ_35","3","Shoulder or upper arm"
"INJ_35","4","Elbow or lower arm"
"INJ_35","5","Wrist or hand"
"INJ_35","6","Hip or thigh"
"INJ_35","7","Knee or lower leg"
"INJ_35","8","Ankle or foot"
"INJ_35","9","Back or spine"
"INJ_35","10","Chest"
"INJ_35","11","Abdomen or pelvis"
"INJ_35","12","Other"
"INJ_35","96","Valid skip"
"INJ_35","99","Not stated"
"INJ_40","1","Yes"
"INJ_40","2","No"
"INJ_40","6","Valid skip"
"INJ_40","9","Not stated"
"INJ_40A","1","While doing physical activity"
"INJ_40A","2","Going up or down stairs"
"INJ_40A","3","Slipped or stumbled while walking"
"INJ_40A","4","Getting into or out of furniture"
"INJ_40A","5","From an elevated position"
"INJ_40A","6","Due to health problems"
"INJ_40A","7","Other"
"INJ_40A","96","Valid skip"
"INJ_40A","99","Not stated"
"INJ_45","1","Yes"
"INJ_45","2","No"
"INJ_45","6","Valid skip"
"INJ_45","9","Not stated"
"INJ_45A","1","Doctor’s office or clinic"
"INJ_45A","2","Hospital emergency room"
"INJ_45A","3","Other"
"INJ_45A","6","Valid skip"
"INJ_45A","9","Not stated"
"INJ_50","1","Yes"
"INJ_50","2","No"
"INJ_50","6","Valid skip"
"INJ_50","9","Not stated"
"INJ_55","1","Riding a bike"
"INJ_55","2","Sports or physical activity"
"INJ_55","3","Household chores, outdoor yard maintenance or unpaid work"
"INJ_55","4","Riding or driving a motor vehicle"
"INJ_55","5","Working at a paid job or business"
"INJ_55","6","Other"
"INJ_55","96","Valid skip"
"INJ_55","99","Not stated"
"INJ_60","1","Multiple body parts"
"INJ_60","2","Head or neck"
"INJ_60","3","Shoulder or upper arm"
"INJ_60","4","Elbow or lower arm"
"INJ_60","5","Wrist or hand"
"INJ_60","6","Hip or thigh"
"INJ_60","7","Knee or lower leg"
"INJ_60","8","Ankle or foot"
"INJ_60","9","Back or spine"
"INJ_60","10","Chest"
"INJ_60","11","Abdomen or pelvis"
"INJ_60","12","Other"
"INJ_60","96","Valid skip"
"INJ_60","99","Not stated"
"INJ_65","1","Yes"
"INJ_65","2","No"
"INJ_65","6","Valid skip"
"INJ_65","9","Not stated"
"INJ_70","1","Yes"
"INJ_70","2","No"
"INJ_70","6","Valid skip"
"INJ_70","9","Not stated"
"INJ_70A","1","Doctor’s office or clinic"
"INJ_70A","2","Hospital emergency room"
"INJ_70A","3","Other"
"INJ_70A","6","Valid skip"
"INJ_70A","9","Not stated"
"INJ_75","1","Yes"
"INJ_75","2","No"
"INJ_75","6","Valid skip"
"INJ_75","9","Not stated"
"DOOHM","1","Yes"
"OHM_05","1","Excellent"
"OHM_05","2","Very good"
"OHM_05","3","Good"
"OHM_05","4","Fair"
"OHM_05","5","Poor"
"OHM_05","9","Not stated"
"OHM_10","1","Yes"
"OHM_10","2","No"
"OHM_10","6","Valid skip"
"OHM_10","9","Not stated"
"OHM_15","1","Often"
"OHM_15","2","Sometimes"
"OHM_15","3","Rarely"
"OHM_15","4","Never"
"OHM_15","9","Not stated"
"DOOHM3","1","Yes"
"OHM3_05","1","More than once a year for check-ups or treatments"
"OHM3_05","2","About once a year for check-ups or treatments"
"OHM3_05","3","Less than once a year for check-ups or treatments"
"OHM3_05","4","Only for emergency care"
"OHM3_05","5","Never"
"OHM3_05","9","Not stated"
"OHM3_10","1","Less than a year ago"
"OHM3_10","2","1 year to less than 2 years ago"
"OHM3_10","3","2 years to less than 3 years ago"
"OHM3_10","4","3 years to less than 4 years ago"
"OHM3_10","5","4 years to less than 5 years ago"
"OHM3_10","6","5 or more years ago"
"OHM3_10","96","Valid skip"
"OHM3_10","99","Not stated"
"OHM3_15","1","Yes"
"OHM3_15","2","No"
"OHM3_15","9","Not stated"
"OHM3_18","1","Yes"
"OHM3_18","2","No"
"OHM3_18","9","Not stated"
"OHM3_20A","1","Yes"
"OHM3_20A","2","No"
"OHM3_20A","6","Valid skip"
"OHM3_20A","9","Not stated"
"OHM3_20B","1","Yes"
"OHM3_20B","2","No"
"OHM3_20B","6","Valid skip"
"OHM3_20B","9","Not stated"
"OHM3_20C","1","Yes"
"OHM3_20C","2","No"
"OHM3_20C","6","Valid skip"
"OHM3_20C","9","Not stated"
"OHM3_20D","1","Yes"
"OHM3_20D","2","No"
"OHM3_20D","6","Valid skip"
"OHM3_20D","9","Not stated"
"OHM3_20E","1","Yes"
"OHM3_20E","2","No"
"OHM3_20E","6","Valid skip"
"OHM3_20E","9","Not stated"
"OHM3_20F","1","Yes"
"OHM3_20F","2","No"
"OHM3_20F","6","Valid skip"
"OHM3_20F","9","Not stated"
"OHM3_45","1","Yes"
"OHM3_45","2","No"
"OHM3_45","3","Don’t know"
"OHM3_45","9","Not stated"
"OHM3_50A","1","Yes"
"OHM3_50A","2","No"
"OHM3_50A","6","Valid skip"
"OHM3_50A","9","Not stated"
"OHM3_50B","1","Yes"
"OHM3_50B","2","No"
"OHM3_50B","6","Valid skip"
"OHM3_50B","9","Not stated"
"OHM3_50C","1","Yes"
"OHM3_50C","2","No"
"OHM3_50C","6","Valid skip"
"OHM3_50C","9","Not stated"
"OHM3_50D","1","Yes"
"OHM3_50D","2","No"
"OHM3_50D","6","Valid skip"
"OHM3_50D","9","Not stated"
"OHM3_50E","1","Yes"
"OHM3_50E","2","No"
"OHM3_50E","6","Valid skip"
"OHM3_50E","9","Not stated"
"DOUPE","1","Yes"
"UPE_05","1","Yes"
"UPE_05","2","No"
"UPE_05","9","Not stated"
"UPE_10","1","Always"
"UPE_10","2","Most of the time"
"UPE_10","3","Rarely"
"UPE_10","4","Never"
"UPE_10","6","Valid skip"
"UPE_10","9","Not stated"
"UPE_15","1","Yes"
"UPE_15","2","No"
"UPE_15","9","Not stated"
"UPE_20","1","Always"
"UPE_20","2","Most of the time"
"UPE_20","3","Rarely"
"UPE_20","4","Never"
"UPE_20","6","Valid skip"
"UPE_20","9","Not stated"
"UPE_25","1","Always"
"UPE_25","2","Most of the time"
"UPE_25","3","Rarely"
"UPE_25","4","Never"
"UPE_25","6","Valid skip"
"UPE_25","9","Not stated"
"UPE_30","1","Always"
"UPE_30","2","Most of the time"
"UPE_30","3","Rarely"
"UPE_30","4","Never"
"UPE_30","6","Valid skip"
"UPE_30","9","Not stated"
"UPE_35","1","Always"
"UPE_35","2","Most of the time"
"UPE_35","3","Rarely"
"UPE_35","4","Never"
"UPE_35","6","Valid skip"
"UPE_35","9","Not stated"
"UPE_40A","1","Yes"
"UPE_40A","2","No"
"UPE_40A","9","Not stated"
"UPE_45","1","Always"
"UPE_45","2","Most of the time"
"UPE_45","3","Rarely"
"UPE_45","4","Never"
"UPE_45","6","Valid skip"
"UPE_45","9","Not stated"
"UPE_40B","1","Yes"
"UPE_40B","2","No"
"UPE_40B","9","Not stated"
"UPE_50","1","Always"
"UPE_50","2","Most of the time"
"UPE_50","3","Rarely"
"UPE_50","4","Never"
"UPE_50","6","Valid skip"
"UPE_50","9","Not stated"
"UPE_55","1","Always"
"UPE_55","2","Most of the time"
"UPE_55","3","Rarely"
"UPE_55","4","Never"
"UPE_55","6","Valid skip"
"UPE_55","9","Not stated"
"UPE_60A","1","Yes"
"UPE_60A","2","No"
"UPE_60A","9","Not stated"
"UPE_65","1","Always"
"UPE_65","2","Most of the time"
"UPE_65","3","Rarely"
"UPE_65","4","Never"
"UPE_65","6","Valid skip"
"UPE_65","9","Not stated"
"UPE_70","1","Always"
"UPE_70","2","Most of the time"
"UPE_70","3","Rarely"
"UPE_70","4","Never"
"UPE_70","6","Valid skip"
"UPE_70","9","Not stated"
"UPE_75","1","Always"
"UPE_75","2","Most of the time"
"UPE_75","3","Rarely"
"UPE_75","4","Never"
"UPE_75","6","Valid skip"
"UPE_75","9","Not stated"
"UPE_80","1","Yes"
"UPE_80","2","No"
"UPE_80","9","Not stated"
"UPE_85","1","Always"
"UPE_85","2","Most of the time"
"UPE_85","3","Rarely"
"UPE_85","4","Never"
"UPE_85","6","Valid skip"
"UPE_85","9","Not stated"
"DOCSS","1","Yes"
"CSS_05","1","Yes"
"CSS_05","2","No"
"CSS_05","9","Not stated"
"CSS_10","001-077","Age in years"
"CSS_10","996","Valid skip"
"CSS_10","999","Not stated"
"CSS_15","1","Yes"
"CSS_15","2","No"
"CSS_15","6","Valid skip"
"CSS_15","9","Not stated"
"CSS_20","1","Every day"
"CSS_20","2","Less than 1X / day, but at least 1X / week"
"CSS_20","3","Less than 1X / week, but at least 1X in the past month"
"CSS_20","4","Not at all"
"CSS_20","6","Valid skip"
"CSS_20","9","Not stated"
"CSS_25","000-099","Number of cigarettes"
"CSS_25","996","Valid skip"
"CSS_25","999","Not stated"
"CSS_35","00-31","Number of days"
"CSS_35","96","Valid skip"
"CSS_35","99","Not stated"
"CSS_30","000-060","Number of cigarettes"
"CSS_30","996","Valid skip"
"CSS_30","999","Not stated"
"CSS_40","1","Yes"
"CSS_40","2","No"
"CSS_40","6","Valid skip"
"CSS_40","9","Not stated"
"DOSPU","1","Yes"
"SPU_05","1","Yes"
"SPU_05","2","No"
"SPU_05","6","Valid skip"
"SPU_05","9","Not stated"
"SPU_10A","1","January"
"SPU_10A","2","February"
"SPU_10A","3","March"
"SPU_10A","4","April"
"SPU_10A","5","May"
"SPU_10A","6","June"
"SPU_10A","7","July"
"SPU_10A","8","August"
"SPU_10A","9","September"
"SPU_10A","10","October"
"SPU_10A","11","November"
"SPU_10A","12","December"
"SPU_10A","96","Valid skip"
"SPU_10A","99","Not stated"
"SPU_10B","1945-2022","Year"
"SPU_10B","9996","Valid skip"
"SPU_10B","9999","Not stated"
"SPU_15","001-077","Age in years"
"SPU_15","996","Valid skip"
"SPU_15","999","Not stated"
"SPU_20","000-099","Number of cigarettes"
"SPU_20","996","Valid skip"
"SPU_20","999","Not stated"
"SPU_25A","1","January"
"SPU_25A","2","February"
"SPU_25A","3","March"
"SPU_25A","4","April"
"SPU_25A","5","May"
"SPU_25A","6","June"
"SPU_25A","7","July"
"SPU_25A","8","August"
"SPU_25A","9","September"
"SPU_25A","10","October"
"SPU_25A","11","November"
"SPU_25A","12","December"
"SPU_25A","96","Valid skip"
"SPU_25A","99","Not stated"
"SPU_25B","1940-2022","Year"
"SPU_25B","9996","Valid skip"
"SPU_25B","9999","Not stated"
"SPU_30","1","Yes"
"SPU_30","2","No"
"SPU_30","6","Valid skip"
"SPU_30","9","Not stated"
"SPU_35A","1","January"
"SPU_35A","2","February"
"SPU_35A","3","March"
"SPU_35A","4","April"
"SPU_35A","5","May"
"SPU_35A","6","June"
"SPU_35A","7","July"
"SPU_35A","8","August"
"SPU_35A","9","September"
"SPU_35A","10","October"
"SPU_35A","11","November"
"SPU_35A","12","December"
"SPU_35A","96","Valid skip"
"SPU_35A","99","Not stated"
"SPU_35B","1960-2022","Year"
"SPU_35B","9996","Valid skip"
"SPU_35B","9999","Not stated"
"SMKDVSTY","1","Current daily smoker"
"SMKDVSTY","2","Current occasional smoker"
"SMKDVSTY","3","Former daily smoker (non-smoker now)"
"SMKDVSTY","4","Former occasional smoker (non-smoker now)"
"SMKDVSTY","5","Experimental smoker (>1 cig, <100 cig)"
"SMKDVSTY","6","Lifetime abstainer (never smoked a whole cigarette)"
"SMKDVSTY","99","Not stated"
"SMKDVYCS","000-106","Num of years respondent has smoked daily"
"SMKDVYCS","996","Valid skip"
"SMKDVYCS","999","Not stated"
"SMKDVSTP","999.96","Valid skip"
"SMKDVSTP","999.99","Not stated"
"DOECV","1","Yes"
"ECV_05","1","Yes"
"ECV_05","2","No"
"ECV_05","9","Not stated"
"ECV_10","002-085","Age in years"
"ECV_10","996","Valid skip"
"ECV_10","999","Not stated"
"ECV_15","1","Every day"
"ECV_15","2","Almost every day"
"ECV_15","3","At least once a week"
"ECV_15","4","At least once in the past month"
"ECV_15","5","Never"
"ECV_15","6","Valid skip"
"ECV_15","9","Not stated"
"ECV_20","1","Yes"
"ECV_20","2","No"
"ECV_20","6","Valid skip"
"ECV_20","9","Not stated"
"ECVDVSMK","1","Tried e-cigarette/vaping device first"
"ECVDVSMK","2","Tried cigarette first"
"ECVDVSMK","3","Only tried e-cigarette/vaping device"
"ECVDVSMK","4","Only tried cigarette"
"ECVDVSMK","5","Never tried an e-cigarette/vaping device or cigarette"
"ECVDVSMK","9","Not stated"
"DOECV2","1","Yes"
"ECV2_05A","00-30","Number of days"
"ECV2_05A","96","Valid skip"
"ECV2_05A","99","Not stated"
"ECV2_05B","00-30","Number of days"
"ECV2_05B","96","Valid skip"
"ECV2_05B","99","Not stated"
"ECV2_05C","00-30","Number of days"
"ECV2_05C","96","Valid skip"
"ECV2_05C","99","Not stated"
"ECV2_10","1","Yes"
"ECV2_10","2","No"
"ECV2_10","6","Valid skip"
"ECV2_10","9","Not stated"
"ECV2_15","1","E-cigarette or vaping device"
"ECV2_15","2","Cigarette"
"ECV2_15","6","Valid skip"
"ECV2_15","9","Not stated"
"DOALC","1","Yes"
"ALC_05","1","Yes"
"ALC_05","2","No"
"ALC_05","9","Not stated"
"ALC_10","1","Yes"
"ALC_10","2","No"
"ALC_10","6","Valid skip"
"ALC_10","9","Not stated"
"ALC_15","1","Less than once a month"
"ALC_15","2","Once a month"
"ALC_15","3","2 to 3 times a month"
"ALC_15","4","Once a week"
"ALC_15","5","2 to 3 times a week"
"ALC_15","6","4 to 5 times a week"
"ALC_15","7","Daily or almost daily"
"ALC_15","96","Valid skip"
"ALC_15","99","Not stated"
"ALC_20","1","Never"
"ALC_20","2","Less than once a month"
"ALC_20","3","Once a month"
"ALC_20","4","2 to 3 times a month"
"ALC_20","5","Once a week"
"ALC_20","6","More than once a week"
"ALC_20","96","Valid skip"
"ALC_20","99","Not stated"
"ALCDVTTM","1","Regular drinker"
"ALCDVTTM","2","Occasional drinker"
"ALCDVTTM","3","Did not drink in the last 12 months"
"ALCDVTTM","9","Not stated"
"DOPRM","1","Yes"
"PRM_10","1","Yes"
"PRM_10","2","No"
"PRM_10","9","Not stated"
"PRM_15","1","Yes"
"PRM_15","2","No"
"PRM_15","9","Not stated"
"PRM_20","1","Yes"
"PRM_20","2","No"
"PRM_20","9","Not stated"
"PRM_25","1","Yes"
"PRM_25","2","No"
"PRM_25","9","Not stated"
"PRM_30","1","Once or twice"
"PRM_30","2","3 to 11 times a year"
"PRM_30","3","About once a month"
"PRM_30","4","2 or 3 times a month"
"PRM_30","5","About once or twice a week"
"PRM_30","6","3 or 4 times a week"
"PRM_30","7","Daily or almost daily"
"PRM_30","8","As needed, or following surgery"
"PRM_30","96","Valid skip"
"PRM_30","99","Not stated"
"PRM_35","1","No, none were prescribed"
"PRM_35","2","Yes, they all were prescribed"
"PRM_35","3","Some were prescribed and others were not"
"PRM_35","6","Valid skip"
"PRM_35","9","Not stated"
"PRM_40A","1","Yes"
"PRM_40A","2","No"
"PRM_40A","6","Valid skip"
"PRM_40A","9","Not stated"
"PRM_40B","1","Yes"
"PRM_40B","2","No"
"PRM_40B","6","Valid skip"
"PRM_40B","9","Not stated"
"PRM_50","1","Yes"
"PRM_50","2","No"
"PRM_50","6","Valid skip"
"PRM_50","9","Not stated"
"PRM_55","1","Yes"
"PRM_55","2","No"
"PRM_55","6","Valid skip"
"PRM_55","9","Not stated"
"PRMDV12M","1","Has used a pain reliever - 12 mo"
"PRMDV12M","2","Has not used a pain reliever - 12 mo"
"PRMDV12M","9","Not stated"
"DOCAN","1","Yes"
"CAN_05","1","Yes"
"CAN_05","2","No"
"CAN_05","9","Not stated"
"CAN_05A","1","Just once"
"CAN_05A","2","More than once"
"CAN_05A","6","Valid skip"
"CAN_05A","9","Not stated"
"CAN_05B","000-099","Age in years"
"CAN_05B","996","Valid skip"
"CAN_05B","999","Not stated"
"CAN_05C","1","Yes"
"CAN_05C","2","No"
"CAN_05C","9","Not stated"
"CAN_10","1","Less than once a month"
"CAN_10","2","1 to 3 times a month"
"CAN_10","3","Once a week"
"CAN_10","4","More than once a week"
"CAN_10","5","Daily or almost daily"
"CAN_10","6","Valid skip"
"CAN_10","9","Not stated"
"CAN_15A","1","Yes"
"CAN_15A","2","No"
"CAN_15A","6","Valid skip"
"CAN_15A","9","Not stated"
"CAN_15B","1","Yes"
"CAN_15B","2","No"
"CAN_15B","6","Valid skip"
"CAN_15B","9","Not stated"
"CAN_15C","1","Yes"
"CAN_15C","2","No"
"CAN_15C","6","Valid skip"
"CAN_15C","9","Not stated"
"CAN_15D","1","Yes"
"CAN_15D","2","No"
"CAN_15D","6","Valid skip"
"CAN_15D","9","Not stated"
"CAN_15E","1","Yes"
"CAN_15E","2","No"
"CAN_15E","6","Valid skip"
"CAN_15E","9","Not stated"
"CAN_15BA","1","Yes"
"CAN_15BA","2","No"
"CAN_15BA","6","Valid skip"
"CAN_15BA","9","Not stated"
"CAN_15BB","1","Yes"
"CAN_15BB","2","No"
"CAN_15BB","6","Valid skip"
"CAN_15BB","9","Not stated"
"CAN_15BC","1","Yes"
"CAN_15BC","2","No"
"CAN_15BC","6","Valid skip"
"CAN_15BC","9","Not stated"
"CAN_20","1","Smoked"
"CAN_20","2","Vaporized"
"CAN_20","3","Swallowed"
"CAN_20","4","Absorbed"
"CAN_20","5","Other method"
"CAN_20","6","Valid skip"
"CAN_20","9","Not stated"
"CAN_25A","1","Yes"
"CAN_25A","2","No"
"CAN_25A","6","Valid skip"
"CAN_25A","9","Not stated"
"CAN_25B","1","Yes"
"CAN_25B","2","No"
"CAN_25B","6","Valid skip"
"CAN_25B","9","Not stated"
"CAN_25C","1","Yes"
"CAN_25C","2","No"
"CAN_25C","6","Valid skip"
"CAN_25C","9","Not stated"
"CAN_25D","1","Yes"
"CAN_25D","2","No"
"CAN_25D","6","Valid skip"
"CAN_25D","9","Not stated"
"CAN_25E","1","Yes"
"CAN_25E","2","No"
"CAN_25E","6","Valid skip"
"CAN_25E","9","Not stated"
"CAN_25F","1","Yes"
"CAN_25F","2","No"
"CAN_25F","6","Valid skip"
"CAN_25F","9","Not stated"
"CAN_25G","1","Yes"
"CAN_25G","2","No"
"CAN_25G","6","Valid skip"
"CAN_25G","9","Not stated"
"CAN_25H","1","Yes"
"CAN_25H","2","No"
"CAN_25H","6","Valid skip"
"CAN_25H","9","Not stated"
"CAN_25I","1","Yes"
"CAN_25I","2","No"
"CAN_25I","6","Valid skip"
"CAN_25I","9","Not stated"
"CAN_30","1","Non-medical purposes only"
"CAN_30","2","Medical purposes only"
"CAN_30","3","Both medical and non-medical purposes"
"CAN_30","6","Valid skip"
"CAN_30","9","Not stated"
"CAN_35A","1","Yes"
"CAN_35A","2","No"
"CAN_35A","6","Valid skip"
"CAN_35A","9","Not stated"
"CAN_35B","1","Yes"
"CAN_35B","2","No"
"CAN_35B","6","Valid skip"
"CAN_35B","9","Not stated"
"CAN_35C","1","Yes"
"CAN_35C","2","No"
"CAN_35C","6","Valid skip"
"CAN_35C","9","Not stated"
"CAN_35D","1","Yes"
"CAN_35D","2","No"
"CAN_35D","6","Valid skip"
"CAN_35D","9","Not stated"
"CAN_35E","1","Yes"
"CAN_35E","2","No"
"CAN_35E","6","Valid skip"
"CAN_35E","9","Not stated"
"CAN_35F","1","Yes"
"CAN_35F","2","No"
"CAN_35F","6","Valid skip"
"CAN_35F","9","Not stated"
"CAN_35G","1","Yes"
"CAN_35G","2","No"
"CAN_35G","6","Valid skip"
"CAN_35G","9","Not stated"
"CAN_35H","1","Yes"
"CAN_35H","2","No"
"CAN_35H","6","Valid skip"
"CAN_35H","9","Not stated"
"CAN_35I","1","Yes"
"CAN_35I","2","No"
"CAN_35I","6","Valid skip"
"CAN_35I","9","Not stated"
"CAN_35J","1","Yes"
"CAN_35J","2","No"
"CAN_35J","6","Valid skip"
"CAN_35J","9","Not stated"
"CAN_40","1","Yes"
"CAN_40","2","No"
"CAN_40","6","Valid skip"
"CAN_40","9","Not stated"
"CAN_45","1","Never"
"CAN_45","2","1 day"
"CAN_45","3","2 or 3 days"
"CAN_45","4","1 or 2 days per week"
"CAN_45","5","3 or 4 days per week"
"CAN_45","6","5 or 6 days per week"
"CAN_45","7","Daily"
"CAN_45","96","Valid skip"
"CAN_45","99","Not stated"
"CAN_50","000-099","Age in years"
"CAN_50","996","Valid skip"
"CAN_50","999","Not stated"
"CANDVF12","1","Has not used cannabis - 12 mo"
"CANDVF12","2","Has used cannabis lest than once a month, incl ""just once"""
"CANDVF12","3","Has used cannabis 1 to 3 times a month"
"CANDVF12","4","Has used cannabis once a week"
"CANDVF12","5","Has used cannabis more than once a week"
"CANDVF12","6","Has used cannabis daily / almost daily"
"CANDVF12","99","Not stated"
"CANDVLEO","1","Has used cannabis more than once - lifetime"
"CANDVLEO","2","Has not used cannabis more than once - lifetime"
"CANDVLEO","9","Not stated"
"CANDVLIO","1","Has used cannabis - lifetime"
"CANDVLIO","2","Has never used cannabis - lifetime"
"CANDVLIO","9","Not stated"
"CANDVLS3","1","Non user"
"CANDVLS3","2","Past user"
"CANDVLS3","3","Current user"
"CANDVLS3","9","Not stated"
"CANDVLS5","1","Has never used cannabis - lifetime"
"CANDVLS5","2","Cannabis just once in lifetime and not in past 12 mo"
"CANDVLS5","3","Cannabis just once in lifetime and in past 12 mo"
"CANDVLS5","4","Cannabis more than once in lifetime and not in past 12 mo"
"CANDVLS5","5","Cannabis more than once in lifetime and in past 12 mo"
"CANDVLS5","9","Not stated"
"CANDVYEO","1","Has used cannabis - 12 mo"
"CANDVYEO","2","Has not used cannabis more than once - 12 mo"
"CANDVYEO","9","Not stated"
"CANDVYIO","1","Has used cannabis - 12 mo"
"CANDVYIO","2","Has not used cannabis - 12 mo"
"CANDVYIO","9","Not stated"
"DOMEX","1","Yes"
"MEX_05","1","Yes"
"MEX_05","2","No"
"MEX_05","6","Valid skip"
"MEX_05","9","Not stated"
"MEX_10","1","Yes"
"MEX_10","2","No"
"MEX_10","6","Valid skip"
"MEX_10","9","Not stated"
"MEX_12","1","Single birth"
"MEX_12","2","Multiple births"
"MEX_12","6","Valid skip"
"MEX_12","9","Not stated"
"MEX_20","01-31","Day"
"MEX_20","96","Valid skip"
"MEX_20","99","Not stated"
"MEX_25","1","January"
"MEX_25","2","February"
"MEX_25","3","March"
"MEX_25","4","April"
"MEX_25","5","May"
"MEX_25","6","June"
"MEX_25","7","July"
"MEX_25","8","August"
"MEX_25","9","September"
"MEX_25","10","October"
"MEX_25","11","November"
"MEX_25","12","December"
"MEX_25","96","Valid skip"
"MEX_25","99","Not stated"
"MEX_30","2016-2022","Year"
"MEX_30","9996","Valid skip"
"MEX_30","9999","Not stated"
"MEX_40","1","Yes"
"MEX_40","2","No"
"MEX_40","3","Don’t know"
"MEX_40","6","Valid skip"
"MEX_40","9","Not stated"
"MEX_50","1","Yes"
"MEX_50","2","No"
"MEX_50","3","Don’t know"
"MEX_50","6","Valid skip"
"MEX_50","9","Not stated"
"MEX_65","1","Yes"
"MEX_65","2","No"
"MEX_65","3","Don’t know"
"MEX_65","6","Valid skip"
"MEX_65","9","Not stated"
"MEX_70","004-350","Weight"
"MEX_70","996","Valid skip"
"MEX_70","999","Not stated"
"MEX_75","1","Pounds"
"MEX_75","2","Kilograms"
"MEX_75","6","Valid skip"
"MEX_75","9","Not stated"
"MEX_80","40-199","Weight                                    -"
"MEX_80","996","Valid skip"
"MEX_80","999","Not stated"
"MEX_85","1","Pounds"
"MEX_85","2","Kilograms"
"MEX_85","6","Valid skip"
"MEX_85","9","Not stated"
"MEX_90","1","Every day or almost every day"
"MEX_90","2","Occasionally"
"MEX_90","3","Never"
"MEX_90","6","Valid skip"
"MEX_90","9","Not stated"
"MEX_100","1","Yes"
"MEX_100","2","No"
"MEX_100","6","Valid skip"
"MEX_100","9","Not stated"
"MEX_105","1","Did not want to breastfeed"
"MEX_105","2","No support or information to breastfeed"
"MEX_105","3","Medical condition"
"MEX_105","4","Other"
"MEX_105","6","Valid skip"
"MEX_105","9","Not stated"
"MEX_110","1","Yes"
"MEX_110","2","No"
"MEX_110","6","Valid skip"
"MEX_110","9","Not stated"
"MEX_115A","00-80","Age"
"MEX_115A","96","Valid skip"
"MEX_115A","99","Not stated"
"MEX_115B","1","Days"
"MEX_115B","2","Weeks"
"MEX_115B","3","Months"
"MEX_115B","4","Years"
"MEX_115B","6","Valid skip"
"MEX_115B","9","Not stated"
"MEX_120","1","Not enough breast milk"
"MEX_120","2","Child weaned themselves"
"MEX_120","3","Planned to stop at this time"
"MEX_120","4","Difficulty with breastfeeding"
"MEX_120","5","Medical condition"
"MEX_120","6","Other"
"MEX_120","96","Valid skip"
"MEX_120","99","Not stated"
"MEX_125","1","Every day or almost every day"
"MEX_125","2","Occasionally"
"MEX_125","3","Never"
"MEX_125","6","Valid skip"
"MEX_125","9","Not stated"
"MEX_150","1","Yes"
"MEX_150","2","No"
"MEX_150","6","Valid skip"
"MEX_150","9","Not stated"
"MEX_155","00-45","Age"
"MEX_155","96","Valid skip"
"MEX_155","99","Not stated"
"MEX_160","1","Days"
"MEX_160","2","Weeks"
"MEX_160","3","Months"
"MEX_160","4","Years"
"MEX_160","6","Valid skip"
"MEX_160","9","Not stated"
"MEX_170","1","Yes"
"MEX_170","2","No"
"MEX_170","6","Valid skip"
"MEX_170","9","Not stated"
"MEX_175","00-28","Age"
"MEX_175","96","Valid skip"
"MEX_175","99","Not stated"
"MEX_180","1","Days"
"MEX_180","2","Weeks"
"MEX_180","3","Months"
"MEX_180","4","Years"
"MEX_180","6","Valid skip"
"MEX_180","9","Not stated"
"MEX_190","1","Infant cereals"
"MEX_190","2","Fruits or vegetables"
"MEX_190","3","Meat and meat alternatives"
"MEX_190","4","Other"
"MEX_190","6","Valid skip"
"MEX_190","9","Not stated"
"MEXDVBM6","1","Had exclusively breastfed last baby at least 6 months"
"MEXDVBM6","2","Had not exclusively breastfeed last baby at least 6 months"
"MEXDVBM6","3","Has not breastfed her last baby at all"
"MEXDVBM6","6","Valid skip"
"MEXDVBM6","9","Not stated"
"MEXDVLBM","1","Less than 1 week"
"MEXDVLBM","2","1 week to less than 1 month"
"MEXDVLBM","3","1 month to less than 2 months"
"MEXDVLBM","4","2 months to less than 3 months"
"MEXDVLBM","5","3 months to less than 4 months"
"MEXDVLBM","6","4 months to less than 5 months"
"MEXDVLBM","7","5 months to less than 6 months"
"MEXDVLBM","8","6 months or more"
"MEXDVLBM","96","Valid skip"
"MEXDVLBM","99","Not stated"
"MEXDVWBK","999.96","Valid skip"
"MEXDVWBK","999.99","Not stated"
"MEXDVWGK","999.96","Valid skip"
"MEXDVWGK","999.99","Not stated"
"DOMXS","1","Yes"
"MXS_05","1","Yes"
"MXS_05","2","No"
"MXS_05","6","Valid skip"
"MXS_05","9","Not stated"
"MXS_10","1","Everyday"
"MXS_10","2","Almost everyday"
"MXS_10","3","A few times a week"
"MXS_10","4","Rarely"
"MXS_10","6","Valid skip"
"MXS_10","9","Not stated"
"MXS_15","1","Yes"
"MXS_15","2","No"
"MXS_15","6","Valid skip"
"MXS_15","9","Not stated"
"MXS_20","1","Everyday"
"MXS_20","2","Almost everyday"
"MXS_20","3","A few times a week"
"MXS_20","4","Rarely"
"MXS_20","6","Valid skip"
"MXS_20","9","Not stated"
"MXS_35","1","Yes"
"MXS_35","2","No"
"MXS_35","6","Valid skip"
"MXS_35","9","Not stated"
"DOMXA","1","Yes"
"MXA_05","1","Yes"
"MXA_05","2","No"
"MXA_05","6","Valid skip"
"MXA_05","9","Not stated"
"MXA_10","1","A few times a month or less"
"MXA_10","2","Once or twice a week"
"MXA_10","3","Many times a week"
"MXA_10","4","Everyday"
"MXA_10","6","Valid skip"
"MXA_10","9","Not stated"
"MXA_12","1","One drink"
"MXA_12","2","Two drinks"
"MXA_12","3","Three drinks"
"MXA_12","4","More than three"
"MXA_12","6","Valid skip"
"MXA_12","9","Not stated"
"MXA_15","1","Yes"
"MXA_15","2","No"
"MXA_15","6","Valid skip"
"MXA_15","9","Not stated"
"MXA_20","1","A few times a month or less"
"MXA_20","2","Once or twice a week"
"MXA_20","3","Many times a week"
"MXA_20","6","Valid skip"
"MXA_20","9","Not stated"
"MXA_22","1","One drink"
"MXA_22","2","Two drinks"
"MXA_22","3","Three drinks"
"MXA_22","4","More than three"
"MXA_22","6","Valid skip"
"MXA_22","9","Not stated"
"MXA_35","1","Yes"
"MXA_35","2","No"
"MXA_35","6","Valid skip"
"MXA_35","9","Not stated"
"MXA_40","1","A few times a month or less"
"MXA_40","2","Once or twice a week"
"MXA_40","3","Many times a week"
"MXA_40","4","Everyday"
"MXA_40","6","Valid skip"
"MXA_40","9","Not stated"
"MXA_42","1","One drink"
"MXA_42","2","Two drinks"
"MXA_42","3","Three drinks"
"MXA_42","4","More than three"
"MXA_42","6","Valid skip"
"MXA_42","9","Not stated"
"DOFLU","1","Yes"
"FLU_05","1","Yes"
"FLU_05","2","No"
"FLU_05","9","Not stated"
"FLU_10","1","January"
"FLU_10","2","February"
"FLU_10","3","March"
"FLU_10","4","April"
"FLU_10","5","May"
"FLU_10","6","June"
"FLU_10","7","July"
"FLU_10","8","August"
"FLU_10","9","September"
"FLU_10","10","October"
"FLU_10","11","November"
"FLU_10","12","December"
"FLU_10","96","Valid skip"
"FLU_10","99","Not stated"
"FLU_15","1","This year"
"FLU_15","2","Last year"
"FLU_15","6","Valid skip"
"FLU_15","9","Not stated"
"FLU_20A","1","Yes"
"FLU_20A","2","No"
"FLU_20A","6","Valid skip"
"FLU_20A","9","Not stated"
"FLU_20B","1","Yes"
"FLU_20B","2","No"
"FLU_20B","6","Valid skip"
"FLU_20B","9","Not stated"
"FLU_20C","1","Yes"
"FLU_20C","2","No"
"FLU_20C","6","Valid skip"
"FLU_20C","9","Not stated"
"FLU_20D","1","Yes"
"FLU_20D","2","No"
"FLU_20D","6","Valid skip"
"FLU_20D","9","Not stated"
"FLU_20E","1","Yes"
"FLU_20E","2","No"
"FLU_20E","6","Valid skip"
"FLU_20E","9","Not stated"
"FLU_20F","1","Yes"
"FLU_20F","2","No"
"FLU_20F","6","Valid skip"
"FLU_20F","9","Not stated"
"DORHC","1","Yes"
"RHC_05","1","Family doctor or general practitioner"
"RHC_05","2","Medical specialist"
"RHC_05","3","Nurse practitioner"
"RHC_05","4","Other"
"RHC_05","5","Don’t have a regular health care provider"
"RHC_05","9","Not stated"
"DOLMAM","1","Yes"
"LMAM_01","1","Yes"
"LMAM_01","2","No"
"LMAM_01","3","Permanently unable to work"
"LMAM_01","6","Valid skip"
"LMAM_01","9","Not stated"
"LMAM_02","1","Yes"
"LMAM_02","2","No"
"LMAM_02","6","Valid skip"
"LMAM_02","9","Not stated"
"LMAM_03","1","Vacation"
"LMAM_03","2","Own illness or disability"
"LMAM_03","3","Caring for own children"
"LMAM_03","4","Caring for elder relative"
"LMAM_03","5","Maternity or parental leave"
"LMAM_03","6","Other personal or family responsibilities"
"LMAM_03","7","Labour dispute (strike or lockout)"
"LMAM_03","8","Temporary layoff due to business conditions"
"LMAM_03","9","Seasonal layoff"
"LMAM_03","10","Casual job, no work available"
"LMAM_03","11","Work schedule"
"LMAM_03","12","Self-employed, no work available"
"LMAM_03","13","Seasonal business"
"LMAM_03","14","Other"
"LMAM_03","96","Valid skip"
"LMAM_03","99","Not stated"
"DOLMA3","1","Yes"
"LMA3_01","1","Employee"
"LMA3_01","2","Self-employed"
"LMA3_01","3","Working in a family business without pay"
"LMA3_01","6","Valid skip"
"LMA3_01","9","Not stated"
"DOLMA4","1","Yes"
"LMA4FQ01","1","Yes"
"LMA4FQ01","6","Valid skip"
"LMA4FQ01","9","Not stated"
"LMA4FQ02","1","Yes"
"LMA4FQ02","6","Valid skip"
"LMA4FQ02","9","Not stated"
"LMA4FQ03","1","Yes"
"LMA4FQ03","6","Valid skip"
"LMA4FQ03","9","Not stated"
"LBFCSIC","1100-9191","Code"
"LBFCSIC","9995","Could not be coded"
"LBFCSIC","9996","Valid skip"
"LBFCSIC","9999","Not stated"
"DOLMA5","1","Yes"
"LMA5FQ01","1","Yes"
"LMA5FQ01","6","Valid skip"
"LMA5FQ01","9","Not stated"
"LMA5FQ02","1","Yes"
"LMA5FQ02","6","Valid skip"
"LMA5FQ02","9","Not stated"
"LBFCSOC","0011-9619","Code"
"LBFCSOC","9995","Could not be coded"
"LBFCSOC","9996","Valid skip"
"LBFCSOC","9999","Not stated"
"DOLMA6","1","Yes"
"LMA6_01","999.6","Valid skip"
"LMA6_01","999.9","Not stated"
"DOLBF","1","Yes"
"LBF_11","1","Yes"
"LBF_11","2","No"
"LBF_11","6","Valid skip"
"LBF_11","9","Not stated"
"LBF_12","999.6","Valid skip"
"LBF_12","999.9","Not stated"
"LBFDVHPW","000-168","Number of hours usually worked per week"
"LBFDVHPW","996","Valid skip"
"LBFDVHPW","999","Not stated"
"LBFDVING","1","Agriculture, forestry, fishing and hunting"
"LBFDVING","2","Mining, quarrying, and oil/gas extraction"
"LBFDVING","3","Utilities"
"LBFDVING","4","Construction"
"LBFDVING","5","Manufacturing"
"LBFDVING","6","Wholesale trade"
"LBFDVING","7","Retail trade"
"LBFDVING","8","Transportation and warehousing"
"LBFDVING","9","Information and cultural industries"
"LBFDVING","10","Finance and insurance"
"LBFDVING","11","Real estate and rental and leasing"
"LBFDVING","12","Professional, scientific and technical services"
"LBFDVING","13","Management of companies and enterprises"
"LBFDVING","14","Admin, support, waste management, remediation services"
"LBFDVING","15","Educational services"
"LBFDVING","16","Health care and social assistance"
"LBFDVING","17","Arts, entertainment and recreation"
"LBFDVING","18","Accommodation and food services"
"LBFDVING","19","Other services (except public administration)"
"LBFDVING","20","Public administration"
"LBFDVING","95","Could not be coded"
"LBFDVING","96","Valid skip"
"LBFDVING","99","Not stated"
"LBFDVOCG","1","Management occupations"
"LBFDVOCG","2","Business, finance and administration occupations"
"LBFDVOCG","3","Natural and applied sciences and related occupations"
"LBFDVOCG","4","Health occupations"
"LBFDVOCG","5","Occupations in education, law, social/community/gov services"
"LBFDVOCG","6","Occupations in art, culture, recreation and sport"
"LBFDVOCG","7","Sales and service occupations"
"LBFDVOCG","8","Trades, transport, equip operators and related occupations"
"LBFDVOCG","9","Natural resources, agriculture and related occupations"
"LBFDVOCG","10","Occupations in manufacturing and utilities"
"LBFDVOCG","95","Could not be coded"
"LBFDVOCG","96","Valid skip"
"LBFDVOCG","99","Not stated"
"LBFDVPFT","1","Full-time"
"LBFDVPFT","2","Part-time"
"LBFDVPFT","6","Valid skip"
"LBFDVPFT","9","Not stated"
"LBFDVWSS","1","Worked at a job / business - last week"
"LBFDVWSS","2","Absent from work / business - last week"
"LBFDVWSS","3","Did not have a job - last week"
"LBFDVWSS","4","Permanently unable to work"
"LBFDVWSS","6","Valid skip"
"LBFDVWSS","9","Not stated"
"DOLM","1","Yes"
"LM_025","1","At a fixed location outside the home"
"LM_025","2","Outside the home with no fixed location"
"LM_025","3","At home"
"LM_025","4","Absent from work"
"LM_025","6","Valid skip"
"LM_025","9","Not stated"
"DOIM","1","Yes"
"IM_01A","1","Born in Canada"
"IM_01A","2","Born outside Canada"
"IM_01A","9","Not stated"
"IM_01A1","10","Newfoundland and Labrador"
"IM_01A1","11","Prince Edward Island"
"IM_01A1","12","Nova Scotia"
"IM_01A1","13","New Brunswick"
"IM_01A1","24","Quebec"
"IM_01A1","35","Ontario"
"IM_01A1","46","Manitoba"
"IM_01A1","47","Saskatchewan"
"IM_01A1","48","Alberta"
"IM_01A1","59","British Columbia"
"IM_01A1","60","Yukon"
"IM_01A1","61","Northwest Territories"
"IM_01A1","62","Nunavut"
"IM_01A1","96","Valid skip"
"IM_01A1","99","Not stated"
"SDCCCOB","11124","Canada"
"SDCCCOB","11666","Saint Pierre and Miquelon"
"SDCCCOB","11840","United States"
"SDCCCOB","12084","Belize"
"SDCCCOB","12188","Costa Rica"
"SDCCCOB","12222","El Salvador"
"SDCCCOB","12320","Guatemala"
"SDCCCOB","12340","Honduras"
"SDCCCOB","12484","Mexico"
"SDCCCOB","12558","Nicaragua"
"SDCCCOB","12591","Panama"
"SDCCCOB","13028","Antigua and Barbuda"
"SDCCCOB","13044","Bahamas"
"SDCCCOB","13052","Barbados"
"SDCCCOB","13060","Bermuda"
"SDCCCOB","13092","Virgin Islands, British"
"SDCCCOB","13136","Cayman Islands"
"SDCCCOB","13192","Cuba"
"SDCCCOB","13212","Dominica"
"SDCCCOB","13214","Dominican Republic"
"SDCCCOB","13308","Grenada"
"SDCCCOB","13312","Guadeloupe"
"SDCCCOB","13332","Haiti"
"SDCCCOB","13388","Jamaica"
"SDCCCOB","13500","Montserrat"
"SDCCCOB","13531","Curaçao"
"SDCCCOB","13630","Puerto Rico"
"SDCCCOB","13659","Saint Kitts and Nevis"
"SDCCCOB","13662","Saint Lucia"
"SDCCCOB","13670","Saint Vincent and the Grenadines"
"SDCCCOB","13780","Trinidad and Tobago"
"SDCCCOB","14032","Argentina"
"SDCCCOB","14068","Bolivia"
"SDCCCOB","14076","Brazil"
"SDCCCOB","14152","Chile"
"SDCCCOB","14170","Colombia"
"SDCCCOB","14218","Ecuador"
"SDCCCOB","14254","French Guiana"
"SDCCCOB","14328","Guyana"
"SDCCCOB","14600","Paraguay"
"SDCCCOB","14604","Peru"
"SDCCCOB","14740","Suriname"
"SDCCCOB","14858","Uruguay"
"SDCCCOB","14862","Venezuela"
"SDCCCOB","21040","Austria"
"SDCCCOB","21056","Belgium"
"SDCCCOB","21250","France"
"SDCCCOB","21276","Germany"
"SDCCCOB","21442","Luxembourg"
"SDCCCOB","21492","Monaco"
"SDCCCOB","21528","Netherlands"
"SDCCCOB","21756","Switzerland"
"SDCCCOB","22100","Bulgaria"
"SDCCCOB","22112","Belarus"
"SDCCCOB","22203","Czechia"
"SDCCCOB","22233","Estonia"
"SDCCCOB","22348","Hungary"
"SDCCCOB","22428","Latvia"
"SDCCCOB","22440","Lithuania"
"SDCCCOB","22498","Moldova"
"SDCCCOB","22616","Poland"
"SDCCCOB","22642","Romania"
"SDCCCOB","22643","Russian Federation"
"SDCCCOB","22703","Slovakia"
"SDCCCOB","22804","Ukraine"
"SDCCCOB","23208","Denmark"
"SDCCCOB","23246","Finland"
"SDCCCOB","23372","Ireland"
"SDCCCOB","23578","Norway"
"SDCCCOB","23752","Sweden"
"SDCCCOB","23826","United kingdom"
"SDCCCOB","23832","Jersey"
"SDCCCOB","23833","Isle of Man"
"SDCCCOB","24008","Albania"
"SDCCCOB","24070","Bosnia and Herzegovina"
"SDCCCOB","24191","Croatia"
"SDCCCOB","24300","Greece"
"SDCCCOB","24336","Holy See (Vatican City State)"
"SDCCCOB","24380","Italy"
"SDCCCOB","24470","Malta"
"SDCCCOB","24499","Montenegro"
"SDCCCOB","24620","Portugal"
"SDCCCOB","24674","San Marino"
"SDCCCOB","24688","Serbia"
"SDCCCOB","24705","Slovenia"
"SDCCCOB","24724","Spain"
"SDCCCOB","24807","Macedonia, Republic of"
"SDCCCOB","24983","Kosovo"
"SDCCCOB","31204","Benin"
"SDCCCOB","31270","Gambia"
"SDCCCOB","31288","Ghana"
"SDCCCOB","31324","Guinea"
"SDCCCOB","31384","Côte d’Ivoire"
"SDCCCOB","31430","Liberia"
"SDCCCOB","31466","Mali"
"SDCCCOB","31478","Mauritania"
"SDCCCOB","31562","Niger"
"SDCCCOB","31566","Nigeria"
"SDCCCOB","31624","Guinea-Bissau"
"SDCCCOB","31686","Senegal"
"SDCCCOB","31694","Sierra Leone"
"SDCCCOB","31768","Togo"
"SDCCCOB","31854","Burkina Faso"
"SDCCCOB","32108","Burundi"
"SDCCCOB","32231","Ethiopia"
"SDCCCOB","32232","Eritrea"
"SDCCCOB","32262","Djibouti"
"SDCCCOB","32404","Kenya"
"SDCCCOB","32450","Madagascar"
"SDCCCOB","32454","Malawi"
"SDCCCOB","32480","Mauritius"
"SDCCCOB","32508","Mozambique"
"SDCCCOB","32638","Réunion"
"SDCCCOB","32646","Rwanda"
"SDCCCOB","32690","Seychelles"
"SDCCCOB","32706","Somalia"
"SDCCCOB","32716","Zimbabwe"
"SDCCCOB","32728","South Sudan"
"SDCCCOB","32800","Uganda"
"SDCCCOB","32834","Tanzania"
"SDCCCOB","32894","Zambia"
"SDCCCOB","33012","Algeria"
"SDCCCOB","33434","Libya"
"SDCCCOB","33504","Morocco"
"SDCCCOB","33729","Sudan"
"SDCCCOB","33788","Tunisia"
"SDCCCOB","33818","Egypt"
"SDCCCOB","34024","Angola"
"SDCCCOB","34120","Cameroon"
"SDCCCOB","34140","Central African Republic"
"SDCCCOB","34178","Congo, Republic of"
"SDCCCOB","34180","Congo, Democratic Republic of the"
"SDCCCOB","34266","Gabon"
"SDCCCOB","35072","Botswana"
"SDCCCOB","35516","Namibia"
"SDCCCOB","35710","South Africa, Republic of"
"SDCCCOB","35748","Swaziland"
"SDCCCOB","41004","Afghanistan"
"SDCCCOB","41031","Azerbaijan"
"SDCCCOB","41048","Bahrain"
"SDCCCOB","41051","Armenia"
"SDCCCOB","41196","Cyprus"
"SDCCCOB","41268","Georgia"
"SDCCCOB","41275","West Bank and Gaza Strip (Palestine)"
"SDCCCOB","41364","Iran"
"SDCCCOB","41368","Iraq"
"SDCCCOB","41376","Israel"
"SDCCCOB","41398","Kazakhstan"
"SDCCCOB","41400","Jordan"
"SDCCCOB","41414","Kuwait"
"SDCCCOB","41417","Kyrgyzstan"
"SDCCCOB","41422","Lebanon"
"SDCCCOB","41512","Oman"
"SDCCCOB","41634","Qatar"
"SDCCCOB","41682","Saudi Arabia"
"SDCCCOB","41760","Syria"
"SDCCCOB","41762","Tajikistan"
"SDCCCOB","41784","United Arab Emirates"
"SDCCCOB","41792","Turkey"
"SDCCCOB","41795","Turkmenistan"
"SDCCCOB","41860","Uzbekistan"
"SDCCCOB","41887","Yemen"
"SDCCCOB","42156","China"
"SDCCCOB","42158","Taiwan"
"SDCCCOB","42344","Hong Kong"
"SDCCCOB","42392","Japan"
"SDCCCOB","42408","Korea, North"
"SDCCCOB","42410","Korea, South"
"SDCCCOB","42446","Macao"
"SDCCCOB","42496","Mongolia"
"SDCCCOB","43096","Brunei Darussalam"
"SDCCCOB","43104","Burma (Myanmar)"
"SDCCCOB","43116","Cambodia"
"SDCCCOB","43360","Indonesia"
"SDCCCOB","43418","Laos"
"SDCCCOB","43458","Malaysia"
"SDCCCOB","43608","Philippines"
"SDCCCOB","43702","Singapore"
"SDCCCOB","43704","Viet Nam"
"SDCCCOB","43764","Thailand"
"SDCCCOB","44050","Bangladesh"
"SDCCCOB","44064","Bhutan"
"SDCCCOB","44086","British Indian Ocean Territory"
"SDCCCOB","44144","Sri Lanka"
"SDCCCOB","44356","India"
"SDCCCOB","44524","Nepal"
"SDCCCOB","44586","Pakistan"
"SDCCCOB","51016","American Samoa"
"SDCCCOB","51036","Australia"
"SDCCCOB","51242","Fiji"
"SDCCCOB","51540","New Caledonia"
"SDCCCOB","51554","New Zealand"
"SDCCCOB","51776","Tonga"
"SDCCCOB","51876","Wallis and Futuna"
"SDCCCOB","61010","Antarctica"
"SDCCCOB","90000","Other"
"SDCCCOB","99999","Not stated"
"IM_02","1925-2022","Year of arrival"
"IM_02","9996","Valid skip"
"IM_02","9999","Not stated"
"IM_03","1","Yes"
"IM_03","2","No"
"IM_03","6","Valid skip"
"IM_03","9","Not stated"
"IM_04","1925-2022","Year of immigration"
"IM_04","9996","Valid skip"
"IM_04","9999","Not stated"
"IM_05A","1","Yes"
"IM_05A","2","No"
"IM_05A","9","Not stated"
"IM_05B","1","Yes"
"IM_05B","2","No"
"IM_05B","9","Not stated"
"IM_05A1","1","By birth"
"IM_05A1","2","By naturalization"
"IM_05A1","6","Valid skip"
"IM_05A1","9","Not stated"
"SDCCCOC","11840","United States"
"SDCCCOC","12084","Belize"
"SDCCCOC","12188","Costa Rica"
"SDCCCOC","12222","El Salvador"
"SDCCCOC","12320","Guatemala"
"SDCCCOC","12340","Honduras"
"SDCCCOC","12484","Mexico"
"SDCCCOC","12558","Nicaragua"
"SDCCCOC","12591","Panama"
"SDCCCOC","13028","Antigua and Barbuda"
"SDCCCOC","13044","Bahamas"
"SDCCCOC","13052","Barbados"
"SDCCCOC","13060","Bermuda"
"SDCCCOC","13136","Cayman Islands"
"SDCCCOC","13192","Cuba"
"SDCCCOC","13212","Dominica"
"SDCCCOC","13214","Dominican Republic"
"SDCCCOC","13308","Grenada"
"SDCCCOC","13332","Haiti"
"SDCCCOC","13388","Jamaica"
"SDCCCOC","13531","Curaçao"
"SDCCCOC","13659","Saint Kitts and Nevis"
"SDCCCOC","13662","Saint Lucia"
"SDCCCOC","13670","Saint Vincent and the Grenadines"
"SDCCCOC","13780","Trinidad and Tobago"
"SDCCCOC","14032","Argentina"
"SDCCCOC","14068","Bolivia"
"SDCCCOC","14076","Brazil"
"SDCCCOC","14152","Chile"
"SDCCCOC","14170","Colombia"
"SDCCCOC","14218","Ecuador"
"SDCCCOC","14328","Guyana"
"SDCCCOC","14600","Paraguay"
"SDCCCOC","14604","Peru"
"SDCCCOC","14858","Uruguay"
"SDCCCOC","14862","Venezuela"
"SDCCCOC","21040","Austria"
"SDCCCOC","21056","Belgium"
"SDCCCOC","21250","France"
"SDCCCOC","21276","Germany"
"SDCCCOC","21442","Luxembourg"
"SDCCCOC","21528","Netherlands"
"SDCCCOC","21756","Switzerland"
"SDCCCOC","22100","Bulgaria"
"SDCCCOC","22112","Belarus"
"SDCCCOC","22203","Czechia"
"SDCCCOC","22233","Estonia"
"SDCCCOC","22348","Hungary"
"SDCCCOC","22428","Latvia"
"SDCCCOC","22498","Moldova"
"SDCCCOC","22616","Poland"
"SDCCCOC","22642","Romania"
"SDCCCOC","22643","Russian Federation"
"SDCCCOC","22703","Slovakia"
"SDCCCOC","22804","Ukraine"
"SDCCCOC","23208","Denmark"
"SDCCCOC","23246","Finland"
"SDCCCOC","23372","Ireland"
"SDCCCOC","23578","Norway"
"SDCCCOC","23752","Sweden"
"SDCCCOC","23826","United kingdom"
"SDCCCOC","24008","Albania"
"SDCCCOC","24070","Bosnia and Herzegovina"
"SDCCCOC","24191","Croatia"
"SDCCCOC","24300","Greece"
"SDCCCOC","24380","Italy"
"SDCCCOC","24470","Malta"
"SDCCCOC","24620","Portugal"
"SDCCCOC","24688","Serbia"
"SDCCCOC","24705","Slovenia"
"SDCCCOC","24724","Spain"
"SDCCCOC","24807","Macedonia, Republic of"
"SDCCCOC","31204","Benin"
"SDCCCOC","31270","Gambia"
"SDCCCOC","31288","Ghana"
"SDCCCOC","31324","Guinea"
"SDCCCOC","31384","Côte d’Ivoire"
"SDCCCOC","31430","Liberia"
"SDCCCOC","31466","Mali"
"SDCCCOC","31478","Mauritania"
"SDCCCOC","31562","Niger"
"SDCCCOC","31566","Nigeria"
"SDCCCOC","31686","Senegal"
"SDCCCOC","31694","Sierra Leone"
"SDCCCOC","31768","Togo"
"SDCCCOC","31854","Burkina Faso"
"SDCCCOC","32108","Burundi"
"SDCCCOC","32231","Ethiopia"
"SDCCCOC","32232","Eritrea"
"SDCCCOC","32262","Djibouti"
"SDCCCOC","32404","Kenya"
"SDCCCOC","32450","Madagascar"
"SDCCCOC","32480","Mauritius"
"SDCCCOC","32646","Rwanda"
"SDCCCOC","32690","Seychelles"
"SDCCCOC","32706","Somalia"
"SDCCCOC","32716","Zimbabwe"
"SDCCCOC","32800","Uganda"
"SDCCCOC","32834","Tanzania"
"SDCCCOC","32894","Zambia"
"SDCCCOC","33012","Algeria"
"SDCCCOC","33434","Libya"
"SDCCCOC","33504","Morocco"
"SDCCCOC","33729","Sudan"
"SDCCCOC","33788","Tunisia"
"SDCCCOC","33818","Egypt"
"SDCCCOC","34024","Angola"
"SDCCCOC","34120","Cameroon"
"SDCCCOC","34140","Central African Republic"
"SDCCCOC","34178","Congo, Republic of"
"SDCCCOC","34180","Congo, Democratic Republic of the"
"SDCCCOC","34266","Gabon"
"SDCCCOC","35710","South Africa, Republic of"
"SDCCCOC","41004","Afghanistan"
"SDCCCOC","41051","Armenia"
"SDCCCOC","41268","Georgia"
"SDCCCOC","41275","West Bank and Gaza Strip (Palestine)"
"SDCCCOC","41364","Iran"
"SDCCCOC","41368","Iraq"
"SDCCCOC","41376","Israel"
"SDCCCOC","41398","Kazakhstan"
"SDCCCOC","41400","Jordan"
"SDCCCOC","41417","Kyrgyzstan"
"SDCCCOC","41422","Lebanon"
"SDCCCOC","41634","Qatar"
"SDCCCOC","41682","Saudi Arabia"
"SDCCCOC","41760","Syria"
"SDCCCOC","41762","Tajikistan"
"SDCCCOC","41784","United Arab Emirates"
"SDCCCOC","41792","Turkey"
"SDCCCOC","41860","Uzbekistan"
"SDCCCOC","41887","Yemen"
"SDCCCOC","42156","China"
"SDCCCOC","42158","Taiwan"
"SDCCCOC","42344","Hong Kong"
"SDCCCOC","42392","Japan"
"SDCCCOC","42410","Korea, South"
"SDCCCOC","42496","Mongolia"
"SDCCCOC","43116","Cambodia"
"SDCCCOC","43360","Indonesia"
"SDCCCOC","43458","Malaysia"
"SDCCCOC","43608","Philippines"
"SDCCCOC","43702","Singapore"
"SDCCCOC","43704","Viet Nam"
"SDCCCOC","43764","Thailand"
"SDCCCOC","44050","Bangladesh"
"SDCCCOC","44064","Bhutan"
"SDCCCOC","44086","British Indian Ocean Territory"
"SDCCCOC","44144","Sri Lanka"
"SDCCCOC","44356","India"
"SDCCCOC","44524","Nepal"
"SDCCCOC","44586","Pakistan"
"SDCCCOC","51036","Australia"
"SDCCCOC","51242","Fiji"
"SDCCCOC","51554","New Zealand"
"SDCCCOC","90000","Other"
"SDCCCOC","99996","Valid skip"
"SDCCCOC","99999","Not stated"
"SDCDVCB","1","Canada"
"SDCDVCB","2","Other - North America"
"SDCDVCB","3","South, Central America, Caribbean and Bermuda"
"SDCDVCB","4","Europe"
"SDCDVCB","5","Africa"
"SDCDVCB","6","Asia"
"SDCDVCB","7","Oceania"
"SDCDVCB","8","Antarctica and adjacent islands"
"SDCDVCB","99","Not stated"
"SDCDVIMM","1","Non-immigrant (citizen by birth)"
"SDCDVIMM","2","Immigrant (landed immigrant or citizen by naturalization)"
"SDCDVIMM","3","Non-permanent resident"
"SDCDVIMM","9","Not stated"
"SDCDVRES","000-097","Length of time in Canada since immigration"
"SDCDVRES","996","Valid skip"
"SDCDVRES","999","Not stated"
"SDCDVALI","000-090","Age at time of immigration"
"SDCDVALI","996","Valid skip"
"SDCDVALI","999","Not stated"
"SDCDVABT","1","Indigenous identity (First Nations, Métis, Inuk/Inuit)"
"SDCDVABT","2","Non-Indigenous identity"
"SDCDVABT","9","Not stated"
"SDCDVVM","1","South Asian"
"SDCDVVM","2","Chinese"
"SDCDVVM","3","Black"
"SDCDVVM","4","Filipino"
"SDCDVVM","5","Latin American"
"SDCDVVM","6","Arab"
"SDCDVVM","7","Southeast Asian"
"SDCDVVM","8","West Asian"
"SDCDVVM","9","Korean"
"SDCDVVM","10","Japanese"
"SDCDVVM","11","Visible minority n.i.e"
"SDCDVVM","12","Multiple visible minorities"
"SDCDVVM","13","Not a visible minority"
"SDCDVVM","99","Not stated"
"SDCDVFLA","1","Visible minority"
"SDCDVFLA","2","Not a visible minority"
"SDCDVFLA","9","Not stated"
"SDCDVLHM","1","English"
"SDCDVLHM","2","French"
"SDCDVLHM","3","English and French"
"SDCDVLHM","4","English, French and Other"
"SDCDVLHM","5","English and Other"
"SDCDVLHM","6","French and Other"
"SDCDVLHM","7","Other"
"SDCDVLHM","99","Not stated"
"SDCDVFL1","1","English"
"SDCDVFL1","2","French"
"SDCDVFL1","3","English and French"
"SDCDVFL1","4","English, French and Other"
"SDCDVFL1","5","English and Other"
"SDCDVFL1","6","French and Other"
"SDCDVFL1","7","Other"
"SDCDVFL1","99","Not stated"
"SDCDVFLS","1","English"
"SDCDVFLS","2","French"
"SDCDVFLS","3","English and French"
"SDCDVFLS","4","Neither English nor French"
"SDCDVFLS","9","Not stated"
"DOABM","1","Yes"
"ABM_01A","1","Yes"
"ABM_01A","2","No"
"ABM_01A","9","Not stated"
"ABM_01B","1","Yes"
"ABM_01B","2","No"
"ABM_01B","9","Not stated"
"ABM_01C","1","Yes"
"ABM_01C","2","No"
"ABM_01C","9","Not stated"
"ABM_01D","1","Yes"
"ABM_01D","2","No"
"ABM_01D","9","Not stated"
"DOPG","1","Yes"
"PG_05A","1","Yes"
"PG_05A","2","No"
"PG_05A","6","Valid skip"
"PG_05A","9","Not stated"
"PG_05B","1","Yes"
"PG_05B","2","No"
"PG_05B","6","Valid skip"
"PG_05B","9","Not stated"
"PG_05C","1","Yes"
"PG_05C","2","No"
"PG_05C","6","Valid skip"
"PG_05C","9","Not stated"
"PG_05D","1","Yes"
"PG_05D","2","No"
"PG_05D","6","Valid skip"
"PG_05D","9","Not stated"
"PG_05E","1","Yes"
"PG_05E","2","No"
"PG_05E","6","Valid skip"
"PG_05E","9","Not stated"
"PG_05F","1","Yes"
"PG_05F","2","No"
"PG_05F","6","Valid skip"
"PG_05F","9","Not stated"
"PG_05G","1","Yes"
"PG_05G","2","No"
"PG_05G","6","Valid skip"
"PG_05G","9","Not stated"
"PG_05H","1","Yes"
"PG_05H","2","No"
"PG_05H","6","Valid skip"
"PG_05H","9","Not stated"
"PG_05I","1","Yes"
"PG_05I","2","No"
"PG_05I","6","Valid skip"
"PG_05I","9","Not stated"
"PG_05J","1","Yes"
"PG_05J","2","No"
"PG_05J","6","Valid skip"
"PG_05J","9","Not stated"
"PG_05K","1","Yes"
"PG_05K","2","No"
"PG_05K","6","Valid skip"
"PG_05K","9","Not stated"
"VMRNIE","1","Yes"
"VMRNIE","2","No"
"VMRNIE","6","Valid skip"
"VMRNIE","9","Not stated"
"VMROTHER","1","Yes"
"VMROTHER","2","No"
"VMROTHER","6","Valid skip"
"VMROTHER","9","Not stated"
"DOLAN","1","Yes"
"LAN_01","1","English only"
"LAN_01","2","French only"
"LAN_01","3","Both English and French"
"LAN_01","4","Neither English nor French"
"LAN_01","9","Not stated"
"LAN_02A","1","Yes"
"LAN_02A","2","No"
"LAN_02A","9","Not stated"
"LAN_02B","1","Yes"
"LAN_02B","2","No"
"LAN_02B","9","Not stated"
"LAN_02C","1","Yes"
"LAN_02C","2","No"
"LAN_02C","9","Not stated"
"LAN_04A","1","Yes"
"LAN_04A","2","No"
"LAN_04A","9","Not stated"
"LAN_04B","1","Yes"
"LAN_04B","2","No"
"LAN_04B","9","Not stated"
"LAN_04C","1","Yes"
"LAN_04C","2","No"
"LAN_04C","9","Not stated"
"DOSOR","1","Yes"
"SOR_01","1","Heterosexual"
"SOR_01","2","Lesbian or gay"
"SOR_01","3","Bisexual"
"SOR_01","4","Or please specify"
"SOR_01","6","Valid skip"
"SOR_01","9","Not stated"
"DOHMC","1","Yes"
"HMC_005A","1","Yes"
"HMC_005A","2","No"
"HMC_005A","6","Valid skip"
"HMC_005A","9","Not stated"
"HMC_005B","1","Yes"
"HMC_005B","2","No"
"HMC_005B","6","Valid skip"
"HMC_005B","9","Not stated"
"HMC_005C","1","Yes"
"HMC_005C","2","No"
"HMC_005C","6","Valid skip"
"HMC_005C","9","Not stated"
"HMC_005D","1","Yes"
"HMC_005D","2","No"
"HMC_005D","6","Valid skip"
"HMC_005D","9","Not stated"
"HMC_005E","1","Yes"
"HMC_005E","2","No"
"HMC_005E","6","Valid skip"
"HMC_005E","9","Not stated"
"HMC_005F","1","Yes"
"HMC_005F","2","No"
"HMC_005F","6","Valid skip"
"HMC_005F","9","Not stated"
"HMC_005G","1","Yes"
"HMC_005G","2","No"
"HMC_005G","6","Valid skip"
"HMC_005G","9","Not stated"
"HMC_010A","1","You"
"HMC_010A","2","Another member of the household"
"HMC_010A","3","You and another member of the household"
"HMC_010A","6","Valid skip"
"HMC_010A","9","Not stated"
"HMC_010B","1","You"
"HMC_010B","2","Another member of the household"
"HMC_010B","3","You and another member of the household"
"HMC_010B","6","Valid skip"
"HMC_010B","9","Not stated"
"HMC_010C","1","You"
"HMC_010C","2","Another member of the household"
"HMC_010C","3","You and another member of the household"
"HMC_010C","6","Valid skip"
"HMC_010C","9","Not stated"
"HMC_010D","1","You"
"HMC_010D","2","Another member of the household"
"HMC_010D","3","You and another member of the household"
"HMC_010D","6","Valid skip"
"HMC_010D","9","Not stated"
"HMC_010E","1","You"
"HMC_010E","2","Another member of the household"
"HMC_010E","3","You and another member of the household"
"HMC_010E","6","Valid skip"
"HMC_010E","9","Not stated"
"HMC_010F","1","You"
"HMC_010F","2","Another member of the household"
"HMC_010F","3","You and another member of the household"
"HMC_010F","6","Valid skip"
"HMC_010F","9","Not stated"
"HMC_015A","1","Less than 1 month"
"HMC_015A","2","1 month to less than 3 months"
"HMC_015A","3","3 months to less than 6 months"
"HMC_015A","4","6 months to less than 1 year"
"HMC_015A","5","1 year to 3 years"
"HMC_015A","6","More than 3 years"
"HMC_015A","96","Valid skip"
"HMC_015A","99","Not stated"
"HMC_015B","1","Less than 1 month"
"HMC_015B","2","1 month to less than 3 months"
"HMC_015B","3","3 months to less than 6 months"
"HMC_015B","4","6 months to less than 1 year"
"HMC_015B","5","1 year to 3 years"
"HMC_015B","6","More than 3 years"
"HMC_015B","96","Valid skip"
"HMC_015B","99","Not stated"
"HMC_015C","1","Less than 1 month"
"HMC_015C","2","1 month to less than 3 months"
"HMC_015C","3","3 months to less than 6 months"
"HMC_015C","4","6 months to less than 1 year"
"HMC_015C","5","1 year to 3 years"
"HMC_015C","6","More than 3 years"
"HMC_015C","96","Valid skip"
"HMC_015C","99","Not stated"
"HMC_015D","1","Less than 1 month"
"HMC_015D","2","1 month to less than 3 months"
"HMC_015D","3","3 months to less than 6 months"
"HMC_015D","4","6 months to less than 1 year"
"HMC_015D","5","1 year to 3 years"
"HMC_015D","6","More than 3 years"
"HMC_015D","96","Valid skip"
"HMC_015D","99","Not stated"
"HMC_015E","1","Less than 1 month"
"HMC_015E","2","1 month to less than 3 months"
"HMC_015E","3","3 months to less than 6 months"
"HMC_015E","4","6 months to less than 1 year"
"HMC_015E","5","1 year to 3 years"
"HMC_015E","6","More than 3 years"
"HMC_015E","96","Valid skip"
"HMC_015E","99","Not stated"
"HMC_015F","1","Less than 1 month"
"HMC_015F","2","1 month to less than 3 months"
"HMC_015F","3","3 months to less than 6 months"
"HMC_015F","4","6 months to less than 1 year"
"HMC_015F","5","1 year to 3 years"
"HMC_015F","6","More than 3 years"
"HMC_015F","96","Valid skip"
"HMC_015F","99","Not stated"
"HMC_020A","1","$0"
"HMC_020A","2","$1 to less than $50"
"HMC_020A","3","$50 to less than $100"
"HMC_020A","4","$100 to less than $200"
"HMC_020A","5","$200 to less than $300"
"HMC_020A","6","$300 to less than $400"
"HMC_020A","7","$400 to less than $1,000"
"HMC_020A","8","$1,000 and more"
"HMC_020A","96","Valid skip"
"HMC_020A","99","Not stated"
"HMC_020B","1","$0"
"HMC_020B","2","$1 to less than $50"
"HMC_020B","3","$50 to less than $100"
"HMC_020B","4","$100 to less than $200"
"HMC_020B","5","$200 to less than $300"
"HMC_020B","6","$300 to less than $400"
"HMC_020B","7","$400 to less than $1,000"
"HMC_020B","8","$1,000 and more"
"HMC_020B","96","Valid skip"
"HMC_020B","99","Not stated"
"HMC_020C","1","$0"
"HMC_020C","2","$1 to less than $50"
"HMC_020C","3","$50 to less than $100"
"HMC_020C","4","$100 to less than $200"
"HMC_020C","5","$200 to less than $300"
"HMC_020C","6","$300 to less than $400"
"HMC_020C","7","$400 to less than $1,000"
"HMC_020C","8","$1,000 and more"
"HMC_020C","96","Valid skip"
"HMC_020C","99","Not stated"
"HMC_020D","1","$0"
"HMC_020D","2","$1 to less than $50"
"HMC_020D","3","$50 to less than $100"
"HMC_020D","4","$100 to less than $200"
"HMC_020D","5","$200 to less than $300"
"HMC_020D","6","$300 to less than $400"
"HMC_020D","7","$400 to less than $1,000"
"HMC_020D","8","$1,000 and more"
"HMC_020D","96","Valid skip"
"HMC_020D","99","Not stated"
"HMC_020E","1","$0"
"HMC_020E","2","$1 to less than $50"
"HMC_020E","3","$50 to less than $100"
"HMC_020E","4","$100 to less than $200"
"HMC_020E","6","$300 to less than $400"
"HMC_020E","7","$400 to less than $1,000"
"HMC_020E","8","$1,000 and more"
"HMC_020E","96","Valid skip"
"HMC_020E","99","Not stated"
"HMC_020F","1","$0"
"HMC_020F","2","$1 to less than $50"
"HMC_020F","3","$50 to less than $100"
"HMC_020F","4","$100 to less than $200"
"HMC_020F","5","$200 to less than $300"
"HMC_020F","6","$300 to less than $400"
"HMC_020F","7","$400 to less than $1,000"
"HMC_020F","8","$1,000 and more"
"HMC_020F","96","Valid skip"
"HMC_020F","99","Not stated"
"HMC_025A","1","Yes"
"HMC_025A","2","No"
"HMC_025A","6","Valid skip"
"HMC_025A","9","Not stated"
"HMC_025B","1","Yes"
"HMC_025B","2","No"
"HMC_025B","6","Valid skip"
"HMC_025B","9","Not stated"
"HMC_025C","1","Yes"
"HMC_025C","2","No"
"HMC_025C","6","Valid skip"
"HMC_025C","9","Not stated"
"HMC_025D","1","Yes"
"HMC_025D","2","No"
"HMC_025D","6","Valid skip"
"HMC_025D","9","Not stated"
"HMC_025E","1","Yes"
"HMC_025E","2","No"
"HMC_025E","6","Valid skip"
"HMC_025E","9","Not stated"
"HMC_025F","1","Yes"
"HMC_025F","2","No"
"HMC_025F","6","Valid skip"
"HMC_025F","9","Not stated"
"HMC_030","1","Very satisfied"
"HMC_030","2","Somewhat satisfied"
"HMC_030","3","Neither satisfied nor dissatisfied"
"HMC_030","4","Somewhat dissatisfied"
"HMC_030","5","Very dissatisfied"
"HMC_030","6","Valid skip"
"HMC_030","9","Not stated"
"HMC_035A","1","Yes"
"HMC_035A","2","No"
"HMC_035A","6","Valid skip"
"HMC_035A","9","Not stated"
"HMC_035B","1","Yes"
"HMC_035B","2","No"
"HMC_035B","6","Valid skip"
"HMC_035B","9","Not stated"
"HMC_035C","1","Yes"
"HMC_035C","2","No"
"HMC_035C","6","Valid skip"
"HMC_035C","9","Not stated"
"HMC_035D","1","Yes"
"HMC_035D","2","No"
"HMC_035D","6","Valid skip"
"HMC_035D","9","Not stated"
"HMC_035E","1","Yes"
"HMC_035E","2","No"
"HMC_035E","6","Valid skip"
"HMC_035E","9","Not stated"
"HMC_037","1","Very helpful"
"HMC_037","2","Somewhat helpful"
"HMC_037","3","Not helpful"
"HMC_037","4","Reason for homecare was unrelated to staying at home"
"HMC_037","6","Valid skip"
"HMC_037","9","Not stated"
"HMC_038A","1","Yes"
"HMC_038A","2","No"
"HMC_038A","6","Valid skip"
"HMC_038A","9","Not stated"
"HMC_038B","1","Yes"
"HMC_038B","2","No"
"HMC_038B","6","Valid skip"
"HMC_038B","9","Not stated"
"HMC_038C","1","Yes"
"HMC_038C","2","No"
"HMC_038C","6","Valid skip"
"HMC_038C","9","Not stated"
"HMC_038D","1","Yes"
"HMC_038D","2","No"
"HMC_038D","6","Valid skip"
"HMC_038D","9","Not stated"
"HMC_038E","1","Yes"
"HMC_038E","2","No"
"HMC_038E","6","Valid skip"
"HMC_038E","9","Not stated"
"HMC_038F","1","Yes"
"HMC_038F","2","No"
"HMC_038F","6","Valid skip"
"HMC_038F","9","Not stated"
"HMC_040","1","Yes"
"HMC_040","2","No"
"HMC_040","6","Valid skip"
"HMC_040","9","Not stated"
"HMC_045","1","You only"
"HMC_045","2","Other household member"
"HMC_045","3","You and other household member"
"HMC_045","6","Valid skip"
"HMC_045","9","Not stated"
"HMC_050A","1","Yes"
"HMC_050A","2","No"
"HMC_050A","6","Valid skip"
"HMC_050A","9","Not stated"
"HMC_050B","1","Yes"
"HMC_050B","2","No"
"HMC_050B","6","Valid skip"
"HMC_050B","9","Not stated"
"HMC_050C","1","Yes"
"HMC_050C","2","No"
"HMC_050C","6","Valid skip"
"HMC_050C","9","Not stated"
"HMC_050D","1","Yes"
"HMC_050D","2","No"
"HMC_050D","6","Valid skip"
"HMC_050D","9","Not stated"
"HMC_050E","1","Yes"
"HMC_050E","2","No"
"HMC_050E","6","Valid skip"
"HMC_050E","9","Not stated"
"HMC_050F","1","Yes"
"HMC_050F","2","No"
"HMC_050F","6","Valid skip"
"HMC_050F","9","Not stated"
"HMC_055A","1","Yes"
"HMC_055A","2","No"
"HMC_055A","6","Valid skip"
"HMC_055A","9","Not stated"
"HMC_055B","1","Yes"
"HMC_055B","2","No"
"HMC_055B","6","Valid skip"
"HMC_055B","9","Not stated"
"HMC_055C","1","Yes"
"HMC_055C","2","No"
"HMC_055C","6","Valid skip"
"HMC_055C","9","Not stated"
"HMC_055D","1","Yes"
"HMC_055D","2","No"
"HMC_055D","6","Valid skip"
"HMC_055D","9","Not stated"
"HMC_055E","1","Yes"
"HMC_055E","2","No"
"HMC_055E","6","Valid skip"
"HMC_055E","9","Not stated"
"HMC_055F","1","Yes"
"HMC_055F","2","No"
"HMC_055F","6","Valid skip"
"HMC_055F","9","Not stated"
"HMC_055G","1","Yes"
"HMC_055G","2","No"
"HMC_055G","6","Valid skip"
"HMC_055G","9","Not stated"
"HMC_055H","1","Yes"
"HMC_055H","2","No"
"HMC_055H","6","Valid skip"
"HMC_055H","9","Not stated"
"HMC_055I","1","Yes"
"HMC_055I","2","No"
"HMC_055I","6","Valid skip"
"HMC_055I","9","Not stated"
"HMC_055J","1","Yes"
"HMC_055J","2","No"
"HMC_055J","6","Valid skip"
"HMC_055J","9","Not stated"
"HMC_055K","1","Yes"
"HMC_055K","2","No"
"HMC_055K","6","Valid skip"
"HMC_055K","9","Not stated"
"HMC_055L","1","Yes"
"HMC_055L","2","No"
"HMC_055L","6","Valid skip"
"HMC_055L","9","Not stated"
"HMC_060A","1","Yes"
"HMC_060A","2","No"
"HMC_060A","6","Valid skip"
"HMC_060A","9","Not stated"
"HMC_060B","1","Yes"
"HMC_060B","2","No"
"HMC_060B","6","Valid skip"
"HMC_060B","9","Not stated"
"HMC_060C","1","Yes"
"HMC_060C","2","No"
"HMC_060C","6","Valid skip"
"HMC_060C","9","Not stated"
"HMC_060D","1","Yes"
"HMC_060D","2","No"
"HMC_060D","6","Valid skip"
"HMC_060D","9","Not stated"
"HMC_060E","1","Yes"
"HMC_060E","2","No"
"HMC_060E","6","Valid skip"
"HMC_060E","9","Not stated"
"HMC_060F","1","Yes"
"HMC_060F","2","No"
"HMC_060F","6","Valid skip"
"HMC_060F","9","Not stated"
"HMCDVVRH","1","Received some home care - 12 mo"
"HMCDVVRH","2","No one received any home care services - 12 mo"
"HMCDVVRH","6","Valid skip"
"HMCDVVRH","9","Not stated"
"HMCDVHLP","1","Services were very helpful or somewhat helpful"
"HMCDVHLP","2","Services were not helpful"
"HMCDVHLP","6","Valid skip"
"HMCDVHLP","9","Not stated"
"DOINL","1","Yes"
"INL_05","1","Yes"
"INL_05","2","No"
"INL_05","3","Don’t know"
"INL_05","9","Not stated"
"DOINP","1","Yes"
"INP_05","1","Yes"
"INP_05","2","No"
"INP_05","3","Don’t know"
"INP_05","9","Not stated"
"DOPCN","1","Yes"
"PCN_05","1","Yes"
"PCN_05","2","No"
"PCN_05","9","Not stated"
"PCN_10A","1","Yes"
"PCN_10A","2","No"
"PCN_10A","6","Valid skip"
"PCN_10A","9","Not stated"
"PCN_10B","1","Yes"
"PCN_10B","2","No"
"PCN_10B","6","Valid skip"
"PCN_10B","9","Not stated"
"PCN_10C","1","Yes"
"PCN_10C","2","No"
"PCN_10C","6","Valid skip"
"PCN_10C","9","Not stated"
"PCN_10D","1","Yes"
"PCN_10D","2","No"
"PCN_10D","6","Valid skip"
"PCN_10D","9","Not stated"
"PCN_10E","1","Yes"
"PCN_10E","2","No"
"PCN_10E","6","Valid skip"
"PCN_10E","9","Not stated"
"DOFSC","1","Yes"
"FSC_10","1","Often true"
"FSC_10","2","Sometimes true"
"FSC_10","3","Never true"
"FSC_10","9","Not stated"
"FSC_15","1","Often true"
"FSC_15","2","Sometimes true"
"FSC_15","3","Never true"
"FSC_15","9","Not stated"
"FSC_20","1","Often true"
"FSC_20","2","Sometimes true"
"FSC_20","3","Never true"
"FSC_20","9","Not stated"
"FSC_25","1","Often true"
"FSC_25","2","Sometimes true"
"FSC_25","3","Never true"
"FSC_25","6","Valid skip"
"FSC_25","9","Not stated"
"FSC_30","1","Often true"
"FSC_30","2","Sometimes true"
"FSC_30","3","Never true"
"FSC_30","6","Valid skip"
"FSC_30","9","Not stated"
"FSC_35","1","Often true"
"FSC_35","2","Sometimes true"
"FSC_35","3","Never true"
"FSC_35","6","Valid skip"
"FSC_35","9","Not stated"
"FSC_40","1","Yes"
"FSC_40","2","No"
"FSC_40","6","Valid skip"
"FSC_40","9","Not stated"
"FSC_45","1","Almost every month"
"FSC_45","2","Some months but not every month"
"FSC_45","3","Only 1 or 2 months"
"FSC_45","6","Valid skip"
"FSC_45","9","Not stated"
"FSC_50","1","Yes"
"FSC_50","2","No"
"FSC_50","6","Valid skip"
"FSC_50","9","Not stated"
"FSC_55","1","Yes"
"FSC_55","2","No"
"FSC_55","6","Valid skip"
"FSC_55","9","Not stated"
"FSC_60","1","Yes"
"FSC_60","2","No"
"FSC_60","6","Valid skip"
"FSC_60","9","Not stated"
"FSC_65","1","Yes"
"FSC_65","2","No"
"FSC_65","6","Valid skip"
"FSC_65","9","Not stated"
"FSC_70","1","Almost every month"
"FSC_70","2","Some months but not every month"
"FSC_70","3","Only 1 or 2 months"
"FSC_70","6","Valid skip"
"FSC_70","9","Not stated"
"FSC_75","1","Yes"
"FSC_75","2","No"
"FSC_75","6","Valid skip"
"FSC_75","9","Not stated"
"FSC_80","1","Yes"
"FSC_80","2","No"
"FSC_80","6","Valid skip"
"FSC_80","9","Not stated"
"FSC_85","1","Almost every month"
"FSC_85","2","Some months but not every month"
"FSC_85","3","Only 1 or 2 months"
"FSC_85","6","Valid skip"
"FSC_85","9","Not stated"
"FSC_90","1","Yes"
"FSC_90","2","No"
"FSC_90","6","Valid skip"
"FSC_90","9","Not stated"
"FSC_95","1","Yes"
"FSC_95","2","No"
"FSC_95","6","Valid skip"
"FSC_95","9","Not stated"
"FSCDVAF2","0","Food secure"
"FSCDVAF2","1","Marginally food insecure"
"FSCDVAF2","2","Moderately food insecure"
"FSCDVAF2","3","Severely food insecure"
"FSCDVAF2","9","Not stated"
"FSCDVCF2","0","Food secure"
"FSCDVCF2","1","Marginally food insecure"
"FSCDVCF2","2","Moderately food insecure"
"FSCDVCF2","3","Severely food insecure"
"FSCDVCF2","6","Valid skip"
"FSCDVCF2","9","Not stated"
"FSCDVHF2","0","Food secure"
"FSCDVHF2","1","Marginally food insecure"
"FSCDVHF2","2","Moderately food insecure"
"FSCDVHF2","3","Severely food insecure"
"FSCDVHF2","9","Not stated"
"DOINC","1","Yes"
"INC_005A","1","Yes"
"INC_005A","2","No"
"INC_005A","9","Not stated"
"INC_005B","1","Yes"
"INC_005B","2","No"
"INC_005B","9","Not stated"
"INC_005C","1","Yes"
"INC_005C","2","No"
"INC_005C","9","Not stated"
"INC_005D","1","Yes"
"INC_005D","2","No"
"INC_005D","9","Not stated"
"INC_005E","1","Yes"
"INC_005E","2","No"
"INC_005E","9","Not stated"
"INC_005F","1","Yes"
"INC_005F","2","No"
"INC_005F","9","Not stated"
"INC_005G","1","Yes"
"INC_005G","2","No"
"INC_005G","9","Not stated"
"INC_005H","1","Yes"
"INC_005H","2","No"
"INC_005H","9","Not stated"
"INC_005I","1","Yes"
"INC_005I","2","No"
"INC_005I","9","Not stated"
"INC_005J","1","Yes"
"INC_005J","2","No"
"INC_005J","9","Not stated"
"INC_005K","1","Yes"
"INC_005K","2","No"
"INC_005K","9","Not stated"
"INC_005L","1","Yes"
"INC_005L","2","No"
"INC_005L","9","Not stated"
"INC_005M","1","Yes"
"INC_005M","2","No"
"INC_005M","9","Not stated"
"INC_005N","1","Yes"
"INC_005N","2","No"
"INC_005N","9","Not stated"
"INC_005O","1","Yes"
"INC_005O","2","No"
"INC_005O","9","Not stated"
"INC_010","1","Yes"
"INC_010","2","No"
"INC_010","6","Valid skip"
"INC_010","9","Not stated"
"INC_015","1","Wages and salaries"
"INC_015","2","Income from self-employment"
"INC_015","3","Dividends and interest (e.g., on bonds, savings)"
"INC_015","4","Employment insurance"
"INC_015","5","Workers’ compensation"
"INC_015","6","Benefits from Canada or Quebec Pension Plan"
"INC_015","7","Job-related retirement pensions, superannuation, annuities"
"INC_015","8","RRSP/RRIF"
"INC_015","9","Old Age Security and Guaranteed Income Supplement"
"INC_015","10","Provincial or municipal social assistance or welfare"
"INC_015","11","Child Tax Benefit or family allowances"
"INC_015","12","Child support"
"INC_015","13","Alimony"
"INC_015","14","Other (e.g., rental income, scholarships)"
"INC_015","15","None"
"INC_015","99","Not stated"
"INC_021","0130550-26264650","Amount in dollars              -"
"INC_025A","1","Yes"
"INC_025A","2","No"
"INC_025A","6","Valid skip"
"INC_025A","9","Not stated"
"INC_025B","1","Yes"
"INC_025B","2","No"
"INC_025B","6","Valid skip"
"INC_025B","9","Not stated"
"INC_025C","1","Yes"
"INC_025C","2","No"
"INC_025C","6","Valid skip"
"INC_025C","9","Not stated"
"INC_025D","1","Yes"
"INC_025D","2","No"
"INC_025D","6","Valid skip"
"INC_025D","9","Not stated"
"INC_025E","1","Yes"
"INC_025E","2","No"
"INC_025E","6","Valid skip"
"INC_025E","9","Not stated"
"INC_025F","1","Yes"
"INC_025F","2","No"
"INC_025F","6","Valid skip"
"INC_025F","9","Not stated"
"INC_025G","1","Yes"
"INC_025G","2","No"
"INC_025G","6","Valid skip"
"INC_025G","9","Not stated"
"INC_025H","1","Yes"
"INC_025H","2","No"
"INC_025H","6","Valid skip"
"INC_025H","9","Not stated"
"INC_025I","1","Yes"
"INC_025I","2","No"
"INC_025I","6","Valid skip"
"INC_025I","9","Not stated"
"INC_025J","1","Yes"
"INC_025J","2","No"
"INC_025J","6","Valid skip"
"INC_025J","9","Not stated"
"INC_025K","1","Yes"
"INC_025K","2","No"
"INC_025K","6","Valid skip"
"INC_025K","9","Not stated"
"INC_025L","1","Yes"
"INC_025L","2","No"
"INC_025L","6","Valid skip"
"INC_025L","9","Not stated"
"INC_025M","1","Yes"
"INC_025M","2","No"
"INC_025M","6","Valid skip"
"INC_025M","9","Not stated"
"INC_025N","1","Yes"
"INC_025N","2","No"
"INC_025N","6","Valid skip"
"INC_025N","9","Not stated"
"INC_025O","1","Yes"
"INC_025O","2","No"
"INC_025O","6","Valid skip"
"INC_025O","9","Not stated"
"INC_030","1","Yes"
"INC_030","2","No"
"INC_030","6","Valid skip"
"INC_030","9","Not stated"
"INC_035","1","Wages and salaries"
"INC_035","2","Income from self-employment"
"INC_035","3","Dividends and interest (e.g., on bonds, savings)"
"INC_035","4","Employment insurance"
"INC_035","5","Workers’ compensation"
"INC_035","6","Benefits from Canada or Quebec Pension Plan"
"INC_035","7","Job-related retirement pensions, superannuation, annuities"
"INC_035","8","RRSP/RRIF"
"INC_035","9","Old Age Security and Guaranteed Income Supplement"
"INC_035","10","Provincial or municipal social assistance or welfare"
"INC_035","11","Child Tax Benefit or family allowances"
"INC_035","12","Child support"
"INC_035","13","Alimony"
"INC_035","14","Other (e.g., rental income, scholarships)"
"INC_035","15","None"
"INC_035","96","Valid skip"
"INC_035","99","Not stated"
"INC_041","0088484-26225338","Amount in dollars                     -"
"INC_041","99999996","Valid skip"
"INCFIMPH","1","Reported"
"INCFIMPH","2","Imputed"
"INCDVHH","1","No income or income loss"
"INCDVHH","2","Less than $5,000"
"INCDVHH","3","$5,000 to $9,999"
"INCDVHH","4","$10,000 to $14,999"
"INCDVHH","5","$15,000 to $19,999"
"INCDVHH","6","$20,000 to $29,999"
"INCDVHH","7","$30,000 to $39,999"
"INCDVHH","8","$40,000 to $49,999"
"INCDVHH","9","$50,000 to $59,999"
"INCDVHH","10","$60,000 to $69,999"
"INCDVHH","11","$70,000 to $79,999"
"INCDVHH","12","$80,000 to $89,999"
"INCDVHH","13","$90,000 to $99,999"
"INCDVHH","14","$100,000 to $149,999"
"INCDVHH","15","$150,000 or more"
"INCDVPER","1","No income or income loss"
"INCDVPER","2","Less than $5,000"
"INCDVPER","3","$5,000 to $9,999"
"INCDVPER","4","$10,000 to $14,999"
"INCDVPER","5","$15,000 to $19,999"
"INCDVPER","6","$20,000 to $29,999"
"INCDVPER","7","$30,000 to $39,999"
"INCDVPER","8","$40,000 to $49,999"
"INCDVPER","9","$50,000 to $59,999"
"INCDVPER","10","$60,000 to $69,999"
"INCDVPER","11","$70,000 to $79,999"
"INCDVPER","12","$80,000 to $89,999"
"INCDVPER","13","$90,000 to $99,999"
"INCDVPER","14","$100,000 or more"
"INCDVPER","96","Valid skip"
"INCDVPER","99","Not stated"
"INCDVRCA","1","Decile 1"
"INCDVRCA","2","Decile 2"
"INCDVRCA","3","Decile 3"
"INCDVRCA","4","Decile 4"
"INCDVRCA","5","Decile 5"
"INCDVRCA","6","Decile 6"
"INCDVRCA","7","Decile 7"
"INCDVRCA","8","Decile 8"
"INCDVRCA","9","Decile 9"
"INCDVRCA","10","Decile 10"
"INCDVRPR","1","Decile 1"
"INCDVRPR","2","Decile 2"
"INCDVRPR","3","Decile 3"
"INCDVRPR","4","Decile 4"
"INCDVRPR","5","Decile 5"
"INCDVRPR","6","Decile 6"
"INCDVRPR","7","Decile 7"
"INCDVRPR","8","Decile 8"
"INCDVRPR","9","Decile 9"
"INCDVRPR","10","Decile 10"
"INCDVRRS","1","Decile 1"
"INCDVRRS","2","Decile 2"
"INCDVRRS","3","Decile 3"
"INCDVRRS","4","Decile 4"
"INCDVRRS","5","Decile 5"
"INCDVRRS","6","Decile 6"
"INCDVRRS","7","Decile 7"
"INCDVRRS","8","Decile 8"
"INCDVRRS","9","Decile 9"
"INCDVRRS","10","Decile 10"
